Workbook
Name ´ÑLKOP: #REF!
Name ´ÑLKOP: #REF!
Name ´ÑLKOP: #REF!
Name ´ÑLKOP: #REF!
Name ´ÑLKOP: #REF!
Name ´ÑLKOP: #REF!
Name ´ÑLKOP: #REF!
Name ´ÑPLP: [1]TABLA_VENTAS!$A$3:$D$400
Name Aa: '[2]TABLA-VENTAS'!$A$3:$D$400
Name ABOVELINE: #REF!
Name ABOVELINE: #REF!
Name ABOVELINE: #REF!
Name ABOVELINE: #REF!
Name ABOVELINE: #REF!
Name ABOVELINE: #REF!
Name ABOVELINE: #REF!
Name ADEQ: #REF!
Name ADEQ: #REF!
Name ADEQ: #REF!
Name ADEQ: #REF!
Name ADEQ: #REF!
Name ADEQ: #REF!
Name ADEQ: #REF!
Name adf: '[3]TABLA-VENTAS'!$A$3:$D$400
Name ADQ: [1]TABLA_VENTAS!$A$3:$D$400
Name ADSWWE: '[2]TABLA-VENTAS'!$A$3:$D$400
Name AETA: [1]TABLA_VENTAS!$A$3:$D$400
Name aicnarelot: [4]TABLA_VENTAS!$A$3:$D$400
Name aicnarelot: [5]TABLA_VENTAS!$A$3:$D$400
Name aicnarelot: [6]TABLA_VENTAS!$A$3:$D$400
Name aicnarelot: [7]TABLA_VENTAS!$A$3:$D$400
Name alegriaa: [8]TABLA_VENTAS!$A$3:$D$400
Name alegriaa: [9]TABLA_VENTAS!$A$3:$D$400
Name alegriaa: [10]TABLA_VENTAS!$A$3:$D$400
Name alegriaa: [11]TABLA_VENTAS!$A$3:$D$400
Name ALO: [1]TABLA_VENTAS!$A$3:$D$400
Name AMP: #REF!
Name AMP: #REF!
Name AMP: #REF!
Name AMP: #REF!
Name AMP: #REF!
Name AMP: #REF!
Name AMP: #REF!
Name añq: [1]TABLA_VENTAS!$A$3:$D$400
Name AOL: [1]TABLA_VENTAS!$A$3:$D$400
Name Aqa: #REF!
Name Aqa: #REF!
Name Aqa: #REF!
Name Aqa: #REF!
Name Aqa: #REF!
Name Aqa: #REF!
Name Aqa: #REF!
Name AS: [1]TABLA_VENTAS!$A$3:$D$400
Name ASA: [1]TABLA_VENTAS!$A$3:$D$400
Name ASasSsa: '[3]TABLA-VENTAS'!$A$3:$D$400
Name ASAx: '[3]TABLA-VENTAS'!$A$3:$D$400
Name ASDER: '[2]TABLA-VENTAS'!$A$3:$D$400
Name ased: '[2]TABLA-VENTAS'!$A$3:$D$400
Name ASEDR: '[2]TABLA-VENTAS'!$A$3:$D$400
Name ASEDRF: '[2]TABLA-VENTAS'!$A$3:$D$400

Sheet Cronog Junio 2026
B1: CRONOGRAMA DE MANTENIMIENTO PROGRAMADO JUNIO 2026 | BE1: Plan | BJ1: % completado | BP1: % Completo (más allá del plan)
AW2: Dia | AZ2: 30 | BE2: Real | BJ2: Real (más allá del plan)
B3: SEDES PROGRAMADAS | C3: RESPONSABLE | D3: CENTRO COSTO | E3: UBICACIÓN | F3: ACTIVO FIJO | G3: UES | H3: MODELO | I3: FRECUENCIA | J3: H/H PROGRAMADAS | K3: H/H REALES | L3: DIFERENCIA | M3: FECHA INICIO | N3: FECHA FIN | O3: DURACION DIAS | P3: FECHA REAL DE EJECUCIÓN | Q3: HORAS REALES EJ | R3: TOTAL AUTOGESTIONES | S3: Hidro. Sanit | T3: Tipo | U3: Elect | V3: M2 | W3: O. Civil | X3: M2 | Y3: Apy-Log | Z3: Horas | AA3: Apy-Mtto | AB3: Horas | AC3: Carp. Met | AD3: Tipo | AE3: Chap-Llav | AF3: Tipo | AG3: Carp. Mad | AH3: Tipo | AI3: Pint | AJ3: M2 | AK3: Ad. Ofic | AL3: Tipo | AM3: Cubiert | AN3: M2 | AO3: Señal | AP3: Tipo | AQ3: Pers | AR3: Tipo | AS3: Aut. con Cobro | AT3: Aut. sin Cobro | AU3: PRE VISITA | AV3: % | AW3: 1 Semana | BE3: 2 Semana | BM3: 3 Semana | BT3: 4 Semana
AV4: CUMP | AW4: 1 | AX4: 2 | AY4: 3 | AZ4: 4 | BA4: 5 | BB4: 6 | BC4: 7 | BD4: 8 | BE4: 9 | BF4: 10 | BG4: 11 | BH4: 12 | BI4: 13 | BJ4: 14 | BK4: 15 | BL4: 16 | BM4: 17 | BN4: 18 | BO4: 19 | BP4: 20 | BQ4: 21 | BR4: 22 | BS4: 23 | BT4: 24 | BU4: 25 | BV4: 26 | BW4: 27 | BX4: 28 | BY4: 29 | BZ4: 30 | CA4: 31
AV5: ÍNDICE | AW5: L | AX5: M | AY5: M | AZ5: J | BA5: V | BB5: S | BC5: D | BD5: L | BE5: M | BF5: M | BG5: J | BH5: V | BI5: S | BJ5: D | BK5: L | BL5: M | BM5: M | BN5: J | BO5: V | BP5: S | BQ5: D | BR5: L | BS5: M | BT5: M | BU5: J | BV5: V | BW5: S | BX5: D | BY5: L | BZ5: M | CA5: D
B6: ZONA-NORTE | AU6: =IFERROR(SUMIF(AU7:AU20,"OK",CB7:CB20)/COUNTA(B7:B20),0) -> 0 | AV6: =AVERAGE(AV7:AV31) -> 0.04
A7: 1 | B7: Edificio Comfandi El Prado | C7: Bryan A. Urbano | D7: A010010219 | E7: Cali | F7: 122001186 | G7: ADMINISTRATIVO | H7: In House | I7: Permanente | J7: 307.86 | K7: =+Q7 -> 248.6 | L7: =+K7-J7 -> -59.26 | M7: 1 | N7: 30 | O7: 21 | P7: 1,2,3,4,5,6,9,10,11,12,13,16,17,18,19,20, | Q7: 248.6 | R7: 81 | S7: 5 | T7: 0 | U7: 15 | V7: 0 | W7: 7 | X7: 0 | Y7: 34 | Z7: 0 | AA7: 5 | AB7: 0 | AC7: 4 | AD7: 0 | AE7: 6 | AF7: 0 | AG7: 0 | AH7: 0 | AI7: 2 | AJ7: 0 | AK7: 2 | AL7: 0 | AM7: 0 | AN7: 0 | AO7: 0 | AP7: 0 | AQ7: 1 | AR7: 0 | AS7: 1 | AT7: 80 | AW7: X | AX7: X | AY7: X | AZ7: X | BA7: X | BB7: X | BC7: F | BD7: F | BE7: X | BF7: X | BG7: X | BH7: X | BI7: X | BJ7: F | BK7: F | BL7: X | BM7: X | BN7: X | BO7: X | BP7: X | BQ7: F | BX7: F | BY7: F | CA7: F | CB7: =IF(AU7="OK",1,0) -> 0
A8: 2 | B8: Colegio El Prado Sede Bachillerato | C8: Bryan A. Urbano | D8: E010010205 | E8: Cali | F8: 122001210 | G8: EDUCACION | H8: In House | I8: Permanente | J8: 146.6 | K8: =+Q8 -> 104 | L8: =+K8-J8 -> -42.6 | M8: 1 | N8: 30 | O8: 19 | P8: 1,2,3,4,5,9,10,11,12,16,17,18,19, | Q8: 104 | R8: =+S8+U8+W8+Y8+AC8+AE8+AG8+AI8+AK8+AM8+AO8+AQ8+AA8 -> 119 | S8: 19 | T8: 0 | U8: 6 | V8: 0 | W8: 4 | X8: 0 | Y8: 37 | Z8: 0 | AA8: 36 | AB8: 0 | AC8: 7 | AD8: 0 | AE8: 6 | AF8: 0 | AG8: 0 | AH8: 0 | AI8: 0 | AJ8: 0 | AK8: 0 | AL8: 0 | AM8: 0 | AN8: 0 | AO8: 4 | AP8: 0 | AQ8: 0 | AR8: 0 | AS8: 24 | AT8: 95 | AW8: X | AX8: X | AY8: X | AZ8: X | BA8: X | BC8: F | BD8: F | BE8: X | BF8: X | BG8: X | BH8: X | BJ8: F | BK8: F | BL8: X | BM8: x | BN8: x | BO8: x | BQ8: F | BX8: F | BY8: F | CA8: F | CB8: =IF(AU8="OK",1,0) -> 0
A9: 3 | B9: Ips Comfandi El Prado | C9: Bryan A. Urbano | D9: S010010205 | E9: Cali | F9: 122001312 | G9: SALUD | H9: In House | I9: Permanente | J9: 153.93 | K9: =+Q9 -> 88 | L9: =+K9-J9 -> -65.93 | M9: 1 | N9: 30 | O9: 21 | P9: 1,2,3,4,5,6,9,10,11,12,13,16,17,18,19,20, | Q9: 88 | R9: =+S9+U9+W9+Y9+AC9+AE9+AG9+AI9+AK9+AM9+AO9+AQ9+AA9 -> 64 | S9: 0 | T9: 0 | U9: 0 | V9: 0 | W9: 0 | X9: 0 | Y9: 9 | Z9: 0 | AA9: 51 | AB9: 0 | AC9: 0 | AD9: 0 | AE9: 0 | AF9: 0 | AG9: 0 | AH9: 0 | AI9: 4 | AJ9: 0 | AK9: 0 | AL9: 0 | AM9: 0 | AN9: 0 | AO9: 0 | AP9: 0 | AQ9: 0 | AR9: 0 | AS9: 21 | AT9: 43 | AW9: X | AX9: X | AY9: X | AZ9: X | BA9: X | BB9: X | BC9: F | BD9: F | BJ9: F | BK9: F | BQ9: F | BX9: F | BY9: F | CA9: F | CB9: =IF(AU9="OK",1,0) -> 0
A10: 4 | B10: Centro Campestre Comfandi Arroyohondo | C10: Hans Blake Salas Millan | D10: R010210205 | E10: Yumbo | F10: 122001305 | G10: RECREACION | H10: In House | I10: Permanente | J10: 307.86 | K10: =+Q10 -> 231 | L10: =+K10-J10 -> -76.86 | M10: 1 | N10: 30 | O10: 21 | P10: 1,2,3,4,5,6,9,10,11,12,13,16,17,18,19,20, | Q10: 231 | R10: 70 | S10: 17 | T10: 0 | U10: 10 | V10: 0 | W10: 36 | X10: 0 | Y10: 1 | Z10: 0 | AA10: 0 | AB10: 0 | AC10: 0 | AD10: 0 | AE10: 1 | AF10: 0 | AG10: 0 | AH10: 0 | AI10: 5 | AJ10: 0 | AK10: 0 | AL10: 0 | AM10: 0 | AN10: 0 | AO10: 0 | AP10: 0 | AQ10: 0 | AR10: 0 | AS10: 17 | AT10: 53 | AW10: X | AX10: X | AY10: X | AZ10: X | BA10: X | BB10: X | BC10: F | BD10: F | BE10: X | BF10: X | BG10: X | BH10: X | BI10: X | BJ10: F | BK10: F | BL10: X | BM10: X | BN10: X | BO10: X | BP10: X | BQ10: F | BX10: F | BY10: F | CA10: F | CB10: =IF(AU10="OK",1,0) -> 0
A11: 5 | B11: Colegio Yumbo | C11: Hans Blake Salas Millan | D11: E010030205 | E11: Yumbo | F11: 122001212 | G11: EDUCACION | H11: In House | I11: Permanente | J11: 307.86 | K11: =+Q11 -> 224.6 | L11: =+K11-J11 -> -83.26 | M11: 1 | N11: 30 | O11: 21 | P11: 1,2,3,4,5,9,10,11,12,13,16,17,18,19,20, | Q11: 224.6 | R11: 55 | S11: 7 | T11: 0 | U11: 3 | V11: 0 | W11: 6 | X11: 0 | Y11: 15 | Z11: 0 | AA11: 2 | AB11: 0 | AC11: 5 | AD11: 0 | AE11: 0 | AF11: 0 | AG11: 0 | AH11: 0 | AI11: 4 | AJ11: 0 | AK11: 0 | AL11: 0 | AM11: 12 | AN11: 0 | AO11: 1 | AP11: 0 | AQ11: 0 | AR11: 0 | AS11: 20 | AT11: 35 | AW11: X | AX11: X | AY11: X | AZ11: X | BA11: X | BC11: F | BD11: F | BE11: X | BF11: X | BG11: X | BH11: X | BI11: X | BJ11: F | BK11: F | BL11: X | BM11: X | BN11: X | BO11: X | BP11: X | BQ11: F | BX11: F | BY11: F | CA11: F | CB11: =IF(AU11="OK",1,0) -> 0
A12: 6 | B12: Ips Comfandi Torres | C12: Hans Blake Salas Millan | D12: S010140205 | E12: Cali | F12: 122001317 | G12: SALUD | H12: In House | I12: Permanente | J12: 153.93 | K12: =+Q12 -> 116 | L12: =+K12-J12 -> -37.93 | M12: 1 | N12: 30 | O12: 21 | P12: 1,2,3,4,5,6,9,10,11,12,13,16,17,18,19,20, | Q12: 116 | R12: 84 | S12: 2 | T12: 0 | U12: 3 | V12: 0 | W12: 47 | X12: 0 | Y12: 3 | Z12: 0 | AA12: 23 | AB12: 0 | AC12: 0 | AD12: 0 | AE12: 1 | AF12: 0 | AG12: 0 | AH12: 0 | AI12: 5 | AJ12: 0 | AK12: 0 | AL12: 0 | AM12: 0 | AN12: 0 | AO12: 0 | AP12: 0 | AQ12: 0 | AR12: 0 | AS12: 35 | AT12: 49 | AW12: X | AX12: X | AY12: X | AZ12: X | BA12: X | BB12: X | BC12: F | BD12: F | BE12: X | BF12: X | BG12: X | BH12: X | BI12: X | BJ12: F | BK12: F | BL12: X | BM12: X | BN12: X | BO12: X | BP12: X | BQ12: F | BX12: F | BY12: F | CA12: F | CB12: =IF(AU12="OK",1,0) -> 0
A13: 7 | B13: Drogueria Av. 6 La Flora 2 | C13: Hans Blake Salas Millan | D13: M012070213 | E13: Cali | F13: 122001279 | G13: MERCADEO | H13: Móvil | I13: Bimestral | J13: 8 | K13: =+Q13 -> 0 | L13: =+K13-J13 -> -8 | M13: 24 | N13: 24 | O13: 0.54570259 | R13: =+S13+U13+W13+Y13+AC13+AE13+AG13+AI13+AK13+AM13+AO13+AQ13+AA13 -> 0 | BC13: F | BD13: F | BJ13: F | BK13: F | BQ13: F | BX13: F | BY13: F | CA13: F | CB13: =IF(AU13="OK",1,0) -> 0
A14: 8 | B14: Drogueria Av. Sexta | C14: Hans Blake Salas Millan | D14: M010360213 | E14: Cali | F14: 122001232 | G14: MERCADEO | H14: Móvil | I14: Bimestral | J14: 8 | K14: =+Q14 -> 0 | L14: =+K14-J14 -> -8 | M14: 27 | N14: 27 | O14: 0.54570259 | R14: =+S14+U14+W14+Y14+AC14+AE14+AG14+AI14+AK14+AM14+AO14+AQ14+AA14 -> 0 | BC14: F | BD14: F | BJ14: F | BK14: F | BQ14: F | BX14: F | BY14: F | CA14: F | CB14: =IF(AU14="OK",1,0) -> 0
A15: 9 | B15: Droguería Centenario | C15: Bryan A. Urbano | D15: M011410213 | E15: Cali | F15: 122001250 | G15: MERCADEO | H15: Móvil | I15: Bimestral | J15: 8 | K15: =+Q15 -> 0 | L15: =+K15-J15 -> -8 | M15: 30 | N15: 30 | O15: 0.54570259 | R15: =+S15+U15+W15+Y15+AC15+AE15+AG15+AI15+AK15+AM15+AO15+AQ15+AA15 -> 0 | BC15: F | BD15: F | BJ15: F | BK15: F | BQ15: F | BX15: F | BY15: F | CA15: F | CB15: =IF(AU15="OK",1,0) -> 0
A16: 10 | B16: Drogueria Chipichape | C16: Hans Blake Salas Millan | D16: M011680213 | E16: Cali | F16: 122001269 | G16: MERCADEO | H16: Móvil | I16: Bimestral | J16: 8 | K16: =+Q16 -> 0 | L16: =+K16-J16 -> -8 | M16: 27 | N16: 27 | O16: 0.54570259 | R16: =+S16+U16+W16+Y16+AC16+AE16+AG16+AI16+AK16+AM16+AO16+AQ16+AA16 -> 0 | BC16: F | BD16: F | BJ16: F | BK16: F | BQ16: F | BX16: F | BY16: F | CA16: F
A17: 11 | B17: Drogueria Clinica de Occidente | C17: Bryan A. Urbano | D17: M011930213 | E17: Cali | F17: 122001275 | G17: MERCADEO | H17: Móvil | I17: Bimestral | J17: 8 | K17: =+Q17 -> 0 | L17: =+K17-J17 -> -8 | M17: 25 | N17: 25 | O17: 0.54570259 | R17: =+S17+U17+W17+Y17+AC17+AE17+AG17+AI17+AK17+AM17+AO17+AQ17+AA17 -> 0 | BC17: F | BD17: F | BJ17: F | BK17: F | BQ17: F | BX17: F | BY17: F | CA17: F | CB17: =IF(AU17="OK",1,0) -> 0
A18: 12 | B18: Drogueria Clinica Remedios | C18: Bryan A. Urbano | D18: M010410213 | E18: Cali | F18: 122001233 | G18: MERCADEO | H18: Móvil | I18: Bimestral | J18: 8 | K18: =+Q18 -> 0 | L18: =+K18-J18 -> -8 | M18: 26 | N18: 26 | O18: 0.54570259 | R18: =+S18+U18+W18+Y18+AC18+AE18+AG18+AI18+AK18+AM18+AO18+AQ18+AA18 -> 0 | BC18: F | BD18: F | BJ18: F | BK18: F | BQ18: F | BX18: F | BY18: F | CA18: F | CB18: =IF(AU18="OK",1,0) -> 0
A19: 13 | B19: Drogueria El Prado | C19: Bryan A. Urbano | D19: M010321701 | E19: Cali | F19: 122001260 | G19: MERCADEO | H19: Móvil | I19: Bimestral | J19: 8 | K19: =+Q19 -> 0 | L19: =+K19-J19 -> -8 | M19: 30 | N19: 30 | O19: 0.54570259 | R19: =+S19+U19+W19+Y19+AC19+AE19+AG19+AI19+AK19+AM19+AO19+AQ19+AA19 -> 0 | BC19: F | BD19: F | BJ19: F | BK19: F | BQ19: F | BX19: F | BY19: F | CA19: F | CB19: =IF(AU19="OK",1,0) -> 0
A20: 14 | B20: Drogueria La Flora | C20: Hans Blake Salas Millan | D20: M011080213 | E20: Cali | F20: 122001237 | G20: MERCADEO | H20: Móvil | I20: Bimestral | J20: 8 | K20: =+Q20 -> 0 | L20: =+K20-J20 -> -8 | M20: 24 | N20: 24 | O20: 0.54570259 | R20: =+S20+U20+W20+Y20+AC20+AE20+AG20+AI20+AK20+AM20+AO20+AQ20+AA20 -> 0 | BC20: F | BD20: F | BJ20: F | BK20: F | BQ20: F | BX20: F | BY20: F | CA20: F | CB20: =IF(AU20="OK",1,0) -> 0
A21: 15 | B21: Ips Comfandi Yumbo | C21: Hans Blake Salas Millan | D21: S010030205 | E21: Yumbo | F21: 122001313 | G21: SALUD | H21: Móvil | I21: Mensual | J21: 124 | K21: =+Q21 -> 136 | L21: =+K21-J21 -> 12 | M21: 1 | N21: 11 | O21: 8.4583902 | P21: 1,2,3,4,5,6,9,10,11, | Q21: 136 | R21: =+S21+U21+W21+Y21+AC21+AE21+AG21+AI21+AK21+AM21+AO21+AQ21+AA21 -> 38 | S21: 5 | T21: 0 | U21: 6 | V21: 0 | W21: 9 | X21: 0 | Y21: 1 | Z21: 0 | AA21: 0 | AB21: 0 | AC21: 4 | AD21: 0 | AE21: 1 | AF21: 0 | AG21: 1 | AH21: 0 | AI21: 11 | AJ21: 0 | AK21: 0 | AL21: 0 | AM21: 0 | AN21: 0 | AO21: 0 | AP21: 0 | AQ21: 0 | AR21: 0 | AS21: 23 | AT21: 15 | AV21: 0.04 | AW21: X | AX21: X | AY21: X | AZ21: X | BA21: X | BB21: X | BC21: F | BD21: F | BE21: X | BF21: X | BG21: X | BJ21: F | BK21: F | BQ21: F | BX21: F | BY21: F | CA21: F
A22: 16 | B22: Colegio Municipal | C22: Bryan A. Urbano | D22: E010600205 | E22: Cali | F22: 122001217 | G22: EDUCACION | H22: Móvil | I22: Mensual | J22: 88 | K22: =+Q22 -> 96 | L22: =+K22-J22 -> 8 | M22: 12 | N22: 20 | O22: 6.0027285 | P22: 12,13,16,17,18,19,20, | Q22: 96 | R22: 30 | S22: 3 | T22: 0 | U22: 8 | V22: 0 | W22: 6 | X22: 0 | Y22: 2 | Z22: 0 | AA22: 1 | AB22: 0 | AC22: 5 | AD22: 0 | AE22: 0 | AF22: 0 | AG22: 1 | AH22: 0 | AI22: 2 | AJ22: 0 | AK22: 0 | AL22: 0 | AM22: 1 | AN22: 0 | AO22: 1 | AP22: 0 | AQ22: 0 | AR22: 0 | AS22: 19 | AT22: 11 | BC22: F | BD22: F | BH22: X | BI22: X | BJ22: F | BK22: F | BL22: X | BM22: X | BN22: X | BO22: X | BP22: X | BQ22: F | BX22: F | BY22: F | CA22: F | CB22: =IF(AU22="OK",1,0) -> 0
A23: 17 | B23: Colegio Las Delicias | C23: Bryan A. Urbano | D23: E010190205 | E23: Cali | F23: 122001215 | G23: EDUCACION | H23: Móvil | I23: Mensual | J23: 74 | K23: =+Q23 -> 0 | L23: =+K23-J23 -> -74 | M23: 22 | N23: 26 | O23: 5.047749 | R23: =+S23+U23+W23+Y23+AC23+AE23+AG23+AI23+AK23+AM23+AO23+AQ23+AA23 -> 0 | BC23: F | BD23: F | BJ23: F | BK23: F | BQ23: F | BX23: F | BY23: F | CA23: F | CB23: =IF(AU23="OK",1,0) -> 0
A24: 18 | B24: Ips Comfandi Alameda | C24: Bryan A. Urbano | D24: S010080205 | E24: Cali | F24: 122001314 | G24: SALUD | H24: Móvil | I24: Mensual | J24: 124 | K24: =+Q24 -> 136 | L24: =+K24-J24 -> 12 | M24: 1 | N24: 11 | O24: 8.4583902 | P24: 1,2,3,4,5,6,9,10,11, | Q24: 136 | R24: =+S24+U24+W24+Y24+AC24+AE24+AG24+AI24+AK24+AM24+AO24+AQ24+AA24 -> 48 | S24: 11 | T24: 0 | U24: 8 | V24: 0 | W24: 6 | X24: 0 | Y24: 3 | Z24: 0 | AA24: 1 | AB24: 0 | AC24: 5 | AD24: 0 | AE24: 1 | AF24: 0 | AG24: 2 | AH24: 0 | AI24: 6 | AJ24: 0 | AK24: 0 | AL24: 0 | AM24: 2 | AN24: 0 | AO24: 3 | AP24: 0 | AQ24: 0 | AR24: 0 | AS24: 13 | AT24: 35 | AW24: X | AX24: X | AY24: X | AZ24: X | BA24: X | BB24: X | BC24: F | BD24: F | BE24: X | BF24: X | BG24: X | BJ24: F | BK24: F | BQ24: F | BX24: F | BY24: F | CA24: F | CB24: =IF(AU24="OK",1,0) -> 0
A25: 19 | B25: Colegio Miraflores Sede Bachillerato | C25: Bryan A. Urbano | D25: E010620205 | E25: Cali | F25: 122001218 | G25: EDUCACION | H25: Móvil | I25: Mensual | J25: 118 | K25: =+Q25 -> 0 | L25: =+K25-J25 -> -118 | M25: 12 | N25: 23 | O25: 8.0491132 | P25: 12,13,16,17,18,19,20,22,23,24,25, | R25: =+S25+U25+W25+Y25+AC25+AE25+AG25+AI25+AK25+AM25+AO25+AQ25+AA25 -> 0 | BC25: F | BD25: F | BH25: X | BI25: X | BJ25: F | BK25: F | BL25: X | BM25: X | BN25: X | BO25: X | BP25: X | BQ25: F | BR25: X | BS25: X | BT25: X | BU25: X | BX25: F | BY25: F | CA25: F | CB25: =IF(AU25="OK",1,0) -> 0
A26: 20 | B26: Campus E Centro | C26: Bryan A. Urbano | D26: E010050205 | E26: Cali | F26: 122001220 | G26: EDUCACION | H26: Móvil | I26: Mensual | J26: 124 | K26: =+Q26 -> 136 | L26: =+K26-J26 -> 12 | M26: 1 | N26: 11 | O26: 8.4583902 | P26: 1,2,3,4,5,6,9,10,11, | Q26: 136 | R26: =+S26+U26+W26+Y26+AC26+AE26+AG26+AI26+AK26+AM26+AO26+AQ26+AA26 -> 39 | S26: 8 | T26: 0 | U26: 8 | V26: 0 | W26: 5 | X26: 0 | Y26: 6 | Z26: 0 | AA26: 2 | AB26: 0 | AC26: 4 | AD26: 0 | AE26: 1 | AF26: 0 | AG26: 1 | AH26: 0 | AI26: 3 | AJ26: 0 | AK26: 0 | AL26: 0 | AM26: 1 | AN26: 0 | AO26: 0 | AP26: 0 | AQ26: 0 | AR26: 0 | AS26: 16 | AT26: 23 | AW26: X | AX26: X | AY26: X | AZ26: X | BA26: X | BB26: X | BC26: F | BD26: F | BE26: X | BF26: X | BG26: X | BJ26: F | BK26: F | BQ26: F | BX26: F | BY26: F | CA26: F | CB26: =IF(AU26="OK",1,0) -> 0
A27: 21 | B27: Campus E Centro (Fomento Piso 3) | C27: Bryan A. Urbano | D27: E010050205 | E27: Cali | F27: 122001220 | G27: EDUCACION | H27: Móvil | I27: Mensual | J27: 22 | K27: =+Q27 -> 24 | L27: =+K27-J27 -> 2 | M27: 12 | N27: 13 | O27: 1.5006821 | P27: 12;13, | Q27: 24 | R27: =+S27+U27+W27+Y27+AC27+AE27+AG27+AI27+AK27+AM27+AO27+AQ27+AA27 -> 5 | S27: 0 | T27: 0 | U27: 0 | V27: 0 | W27: 0 | X27: 0 | Y27: 0 | Z27: 0 | AA27: 1 | AB27: 0 | AC27: 0 | AD27: 0 | AE27: 1 | AF27: 0 | AG27: 0 | AH27: 0 | AI27: 3 | AJ27: 0 | AK27: 0 | AL27: 0 | AM27: 0 | AN27: 0 | AO27: 0 | AP27: 0 | AQ27: 0 | AR27: 0 | AS27: 4 | AT27: 1 | BC27: F | BD27: F | BH27: X | BI27: X | BJ27: F | BK27: F | BQ27: F | BX27: F | BY27: F | CA27: F | CB27: =IF(AU27="OK",1,0) -> 0
A28: 22 | B28: Colegio Calipso | C28: Bryan A. Urbano | D28: E010020205 | E28: Cali | F28: 122001211 | G28: EDUCACION | H28: Móvil | I28: Mensual | J28: 96 | K28: =+Q28 -> 88 | L28: =+K28-J28 -> -8 | M28: 16 | N28: 23 | O28: 6.5484311 | P28: 16,17,18,19,20,22 | Q28: 88 | R28: 29 | BC28: F | BD28: F | BJ28: F | BK28: F | BL28: X | BM28: X | BN28: X | BO28: X | BP28: X | BQ28: F | BR28: X | BX28: F | BY28: F | CA28: F | CB28: =IF(AU28="OK",1,0) -> 0
A29: 23 | B29: Colegio San Nicolas - Biblioteca - Auditorio | C29: Bryan A. Urbano | D29: E010040205 | E29: Cali | F29: 122001213 | G29: EDUCACION | H29: Móvil | I29: Mensual | J29: 124 | K29: =+Q29 -> 136 | L29: =+K29-J29 -> 12 | M29: 1 | N29: 11 | O29: 8.4583902 | P29: 1,2,3,4,5,6,9,10,11, | Q29: 136 | R29: =+S29+U29+W29+Y29+AC29+AE29+AG29+AI29+AK29+AM29+AO29+AQ29+AA29 -> 55 | S29: 6 | T29: 0 | U29: 4 | V29: 0 | W29: 4 | X29: 0 | Y29: 3 | Z29: 0 | AA29: 0 | AB29: 0 | AC29: 9 | AD29: 0 | AE29: 3 | AF29: 0 | AG29: 8 | AH29: 0 | AI29: 5 | AJ29: 0 | AK29: 3 | AL29: 0 | AM29: 8 | AN29: 0 | AO29: 2 | AP29: 0 | AQ29: 0 | AR29: 0 | AS29: 25 | AT29: 30 | AW29: X | AX29: X | AY29: X | AZ29: X | BA29: X | BB29: X | BC29: F | BD29: F | BE29: X | BF29: X | BG29: X | BJ29: F | BK29: F | BQ29: F | BX29: F | BY29: F | CA29: F | CB29: =IF(AU29="OK",1,0) -> 0
A30: 24 | B30: Ips Comfandi San Nicolas | C30: Bryan A. Urbano | D30: S010160205 | E30: Cali | F30: 122001318 | G30: SALUD | H30: Móvil | I30: Mensual | J30: 52 | K30: =+Q30 -> 0 | L30: =+K30-J30 -> -52 | M30: 25 | N30: 30 | O30: 3.5470668 | R30: =+S30+U30+W30+Y30+AC30+AE30+AG30+AI30+AK30+AM30+AO30+AQ30+AA30 -> 0 | BC30: F | BD30: F | BJ30: F | BK30: F | BQ30: F | BX30: F | BY30: F | CA30: F | CB30: =IF(AU30="OK",1,0) -> 0
A31: 25 | B31: IETDH San Nicolas | C31: Bryan A. Urbano | D31: E010046105 | E31: Cali | F31: 122001227 | G31: EDUCACION | H31: Móvil | I31: Mensual | J31: 132 | K31: =+Q31 -> 144 | L31: =+K31-J31 -> 12 | M31: 12 | N31: 24 | O31: 9.0040928 | P31: 12,13,16,17,18,19,20,22,23,24, | Q31: 144 | R31: 58 | S31: 7 | T31: 0 | U31: 17 | V31: 0 | W31: 12 | X31: 0 | Y31: 0 | Z31: 0 | AA31: 1 | AB31: 0 | AC31: 5 | AD31: 0 | AE31: 4 | AF31: 0 | AG31: 2 | AH31: 0 | AI31: 3 | AJ31: 0 | AK31: 0 | AL31: 0 | AM31: 6 | AN31: 0 | AO31: 1 | AP31: 0 | AQ31: 0 | AR31: 0 | AS31: 27 | AT31: 31 | BC31: F | BD31: F | BH31: X | BI31: X | BJ31: F | BK31: F | BL31: X | BM31: X | BN31: X | BO31: X | BP31: X | BQ31: F | BR31: X | BS31: X | BT31: X | BX31: F | BY31: F | CA31: F | CB31: =IF(AU31="OK",1,0) -> 0
A32: 26 | B32: Colegio El Prado Sede Bachillerato (Móvil) | C32: Bryan A. Urbano | D32: E010010205 | E32: Cali | F32: 122001210 | G32: EDUCACION | H32: Móvil | I32: Mensual | J32: 66 | K32: =+Q32 -> 0 | L32: =+K32-J32 -> -66 | M32: 24 | N32: 30 | O32: 4.5020464 | R32: =+S32+U32+W32+Y32+AC32+AE32+AG32+AI32+AK32+AM32+AO32+AQ32+AA32 -> 0 | BC32: F | BD32: F | BJ32: F | BK32: F | BQ32: F | BX32: F | BY32: F
B33: ZONA-SUR | AU33: =IFERROR(SUMIF(AU34:AU54,"OK",CB34:CB54)/COUNTA(B34:B54),0) -> 0 | AV33: =AVERAGE(AV34:AV44) -> 0.04 | CB33: =IF(AU33="OK",1,0) -> 0
A34: 1 | B34: Centro Campestre Comfandi Pance | C34: Andres Carrillo | D34: R010250205 | E34: Cali | F34: 122001306 | G34: RECREACION | H34: In House | I34: Permanente | J34: 615.72 | K34: =+Q34 -> 496 | L34: =+K34-J34 -> -119.72 | M34: 1 | N34: 30 | O34: 21 | P34: 1,2,3,4,5,6,9,10,11,12,13,16,17,18,19,20, | Q34: 496 | R34: 57 | S34: 7 | T34: 0 | U34: 15 | V34: 0 | W34: 15 | X34: 0 | Y34: 8 | Z34: 0 | AA34: 1 | AB34: 0 | AC34: 7 | AD34: 0 | AE34: 0 | AF34: 0 | AG34: 0 | AH34: 0 | AI34: 2 | AJ34: 0 | AK34: 1 | AL34: 0 | AM34: 1 | AN34: 0 | AO34: 0 | AP34: 0 | AQ34: 0 | AR34: 0 | AS34: 43 | AT34: 14 | AW34: X | AX34: X | AY34: X | AZ34: X | BA34: X | BB34: X | BC34: F | BD34: F | BE34: X | BF34: X | BG34: X | BH34: X | BI34: X | BJ34: F | BK34: F | BL34: X | BM34: X | BN34: X | BO34: X | BP34: X | BQ34: F | BX34: F | BY34: F | CA34: F | CB34: =IF(AU34="OK",1,0) -> 0
A35: 2 | B35: Clinica Comfandi Tequendama | C35: Andres Carrillo | D35: S010120205 | E35: Cali | F35: 122001316 | G35: SALUD | H35: In House | I35: Permanente | J35: 461.79 | K35: =+Q35 -> 391.8 | L35: =+K35-J35 -> -69.99 | M35: 1 | N35: 30 | O35: 21 | P35: 1,2,3,4,5,6,9,10,11,12,13,165,17,18,19,20, | Q35: 391.8 | R35: 84 | S35: 4 | T35: 0 | U35: 11 | V35: 0 | W35: 6 | X35: 0 | Y35: 25 | Z35: 0 | AA35: 27 | AB35: 0 | AC35: 1 | AD35: 0 | AE35: 3 | AF35: 0 | AG35: 0 | AH35: 0 | AI35: 3 | AJ35: 0 | AK35: 2 | AL35: 0 | AM35: 0 | AN35: 0 | AO35: 2 | AP35: 0 | AQ35: 0 | AR35: 0 | AS35: 23 | AT35: 61 | AV35: 0.04 | AW35: X | AX35: X | AY35: X | AZ35: X | BA35: X | BB35: X | BC35: F | BD35: F | BE35: X | BF35: X | BG35: X | BH35: X | BI35: X | BJ35: F | BK35: F | BL35: X | BM35: X | BN35: X | BO35: X | BP35: X | BQ35: F | BX35: F | BY35: F | CA35: F | CB35: =IF(AU35="OK",1,0) -> 0
A36: 3 | B36: Laboratorio Especializado | C36: Andres Carrillo | D36: S010160205 | E36: Cali | F36: 122001318 | G36: SALUD | H36: Móvil | I36: Mensual | J36: 44 | K36: =+Q36 -> 40 | L36: =+K36-J36 -> -4 | M36: 18 | N36: 20 | O36: 3.0013643 | P36: 18,19,20, | Q36: 40 | R36: 14 | S36: 1 | T36: 0 | U36: 1 | V36: 0 | W36: 1 | X36: 0 | Y36: 2 | Z36: 0 | AA36: 0 | AB36: 0 | AC36: 0 | AD36: 0 | AE36: 2 | AF36: 0 | AG36: 0 | AH36: 0 | AI36: 7 | AJ36: 0 | AK36: 0 | AL36: 0 | AM36: 0 | AN36: 0 | AO36: 0 | AP36: 0 | AQ36: 0 | AR36: 0 | AS36: 7 | AT36: 7 | BC36: F | BD36: F | BJ36: F | BK36: F | BN36: X | BO36: X | BP36: X | BQ36: F | BX36: F | BY36: F | CA36: F | CB36: =IF(AU36="OK",1,0) -> 0
A37: 4 | B37: Drogueria Cañas Gordas | C37: Andres Carrillo | D37: M011501701 | E37: Cali | F37: 122001264 | G37: MERCADEO | H37: Móvil | I37: Bimestral | J37: 14 | K37: =+Q37 -> 16 | L37: =+K37-J37 -> 2 | M37: 4 | N37: 4 | O37: 0.95497954 | P37: 4 | Q37: 16 | R37: =+S37+U37+W37+Y37+AC37+AE37+AG37+AI37+AK37+AM37+AO37+AQ37+AA37 -> 10 | S37: 2 | T37: 0 | U37: 2 | V37: 0 | W37: 2 | X37: 0 | Y37: 0 | Z37: 0 | AA37: 0 | AB37: 0 | AC37: 0 | AD37: 0 | AE37: 3 | AF37: 0 | AG37: 1 | AH37: 0 | AI37: 0 | AJ37: 0 | AK37: 0 | AL37: 0 | AM37: 0 | AN37: 0 | AO37: 0 | AP37: 0 | AQ37: 0 | AR37: 0 | AS37: 6 | AT37: 4 | AZ37: X | BC37: F | BD37: F | BJ37: F | BK37: F | BQ37: F | BX37: F | BY37: F | CA37: F | CB37: =IF(AU37="OK",1,0) -> 0
A38: 5 | B38: Droguería Cañaveralejo | C38: Andres Carrillo | D38: M011360213 | E38: Cali | F38: 122001245 | G38: MERCADEO | H38: Móvil | I38: Bimestral | J38: 14 | K38: =+Q38 -> 16 | L38: =+K38-J38 -> 2 | M38: 16 | N38: 16 | O38: 0.95497954 | P38: 16 | Q38: 16 | R38: =+S38+U38+W38+Y38+AC38+AE38+AG38+AI38+AK38+AM38+AO38+AQ38+AA38 -> 11 | S38: 1 | T38: 0 | U38: 2 | V38: 0 | W38: 1 | X38: 0 | Y38: 0 | Z38: 0 | AA38: 0 | AB38: 0 | AC38: 0 | AD38: 0 | AE38: 2 | AF38: 0 | AG38: 4 | AH38: 0 | AI38: 1 | AJ38: 0 | AK38: 0 | AL38: 0 | AM38: 0 | AN38: 0 | AO38: 0 | AP38: 0 | AQ38: 0 | AR38: 0 | AS38: 8 | AT38: 3 | BC38: F | BD38: F | BJ38: F | BK38: F | BL38: X | BQ38: F | BX38: F | BY38: F | CA38: F | CB38: =IF(AU38="OK",1,0) -> 0
A39: 6 | B39: Drogueria Cerros Plaza | C39: Andres Carrillo | D39: M011610213 | E39: Cali | F39: 122001267 | G39: MERCADEO | H39: Móvil | I39: Bimestral | J39: 14 | K39: =+Q39 -> 24 | L39: =+K39-J39 -> 10 | M39: 5 | N39: 5 | O39: 0.95497954 | P39: 5 | Q39: 24 | R39: =+S39+U39+W39+Y39+AC39+AE39+AG39+AI39+AK39+AM39+AO39+AQ39+AA39 -> 10 | S39: 1 | T39: 0 | U39: 3 | V39: 0 | W39: 2 | X39: 0 | Y39: 0 | Z39: 0 | AA39: 0 | AB39: 0 | AC39: 0 | AD39: 0 | AE39: 2 | AF39: 0 | AG39: 0 | AH39: 0 | AI39: 2 | AJ39: 0 | AK39: 0 | AL39: 0 | AM39: 0 | AN39: 0 | AO39: 0 | AP39: 0 | AQ39: 0 | AR39: 0 | AS39: 7 | AT39: 3 | BA39: X | BC39: F | BD39: F | BJ39: F | BK39: F | BQ39: F | BX39: F | BY39: F | CA39: F
A40: 7 | B40: Drogueria Clinica Vida | C40: Andres Carrillo | D40: M012220213 | E40: Cali | F40: 122001276 | G40: MERCADEO | H40: Móvil | I40: Bimestral | J40: 14 | K40: =+Q40 -> 16 | L40: =+K40-J40 -> 2 | M40: 17 | N40: 17 | O40: 0.95497954 | P40: 19 | Q40: 16 | R40: =+S40+U40+W40+Y40+AC40+AE40+AG40+AI40+AK40+AM40+AO40+AQ40+AA40 -> 7 | S40: 1 | T40: 0 | U40: 1 | V40: 0 | W40: 1 | X40: 0 | Y40: 0 | Z40: 0 | AA40: 0 | AB40: 0 | AC40: 0 | AD40: 0 | AE40: 2 | AF40: 0 | AG40: 2 | AH40: 0 | AI40: 0 | AJ40: 0 | AK40: 0 | AL40: 0 | AM40: 0 | AN40: 0 | AO40: 0 | AP40: 0 | AQ40: 0 | AR40: 0 | AS40: 5 | AT40: 2 | BC40: F | BD40: F | BJ40: F | BK40: F | BO40: X | BQ40: F | BX40: F | BY40: F | CA40: F
A41: 8 | B41: Drogueria Cll 25 EDS Caney | C41: Andres Carrillo | D41: M011900213 | E41: Cali | F41: 122001278 | G41: MERCADEO | H41: Móvil | I41: Bimestral | J41: 8 | K41: =+Q41 -> 16 | L41: =+K41-J41 -> 8 | M41: 6 | N41: 6 | O41: 0.54570259 | P41: 6 | Q41: 16 | R41: =+S41+U41+W41+Y41+AC41+AE41+AG41+AI41+AK41+AM41+AO41+AQ41+AA41 -> 5 | S41: 1 | T41: 0 | U41: 1 | V41: 0 | W41: 0 | X41: 0 | Y41: 0 | Z41: 0 | AA41: 0 | AB41: 0 | AC41: 0 | AD41: 0 | AE41: 3 | AF41: 0 | AG41: 0 | AH41: 0 | AI41: 0 | AJ41: 0 | AK41: 0 | AL41: 0 | AM41: 0 | AN41: 0 | AO41: 0 | AP41: 0 | AQ41: 0 | AR41: 0 | AS41: 3 | AT41: 2 | BB41: X | BC41: F | BD41: F | BJ41: F | BK41: F | BQ41: F | BX41: F | BY41: F | CA41: F
A42: 9 | B42: Drogueria Morichal | C42: Andres Carrillo | D42: M010111701 | E42: Cali | F42: 122001258 | G42: MERCADEO | H42: Móvil | I42: Bimestral | J42: 14 | K42: =+Q42 -> 16 | L42: =+K42-J42 -> 2 | M42: 18 | N42: 18 | O42: 0.95497954 | P42: 9 | Q42: 16 | R42: =+S42+U42+W42+Y42+AC42+AE42+AG42+AI42+AK42+AM42+AO42+AQ42+AA42 -> 6 | S42: 0 | T42: 0 | U42: 2 | V42: 0 | W42: 0 | X42: 0 | Y42: 0 | Z42: 0 | AA42: 0 | AB42: 0 | AC42: 0 | AD42: 0 | AE42: 2 | AF42: 0 | AG42: 1 | AH42: 0 | AI42: 1 | AJ42: 0 | AK42: 0 | AL42: 0 | AM42: 0 | AN42: 0 | AO42: 0 | AP42: 0 | AQ42: 0 | AR42: 0 | AS42: 4 | AT42: 2 | BC42: F | BD42: F | BE42: X | BJ42: F | BK42: F | BQ42: F | BX42: F | BY42: F | CA42: F
A43: 10 | B43: Drogueria Podium | C43: Andres Carrillo | D43: M011910213 | E43: Cali | F43: 122001287 | G43: MERCADEO | H43: Móvil | I43: Bimestral | J43: 14 | K43: =+Q43 -> 16 | L43: =+K43-J43 -> 2 | M43: 9 | N43: 9 | O43: 0.95497954 | P43: 9 | Q43: 16 | R43: =+S43+U43+W43+Y43+AC43+AE43+AG43+AI43+AK43+AM43+AO43+AQ43+AA43 -> 10 | S43: 1 | T43: 0 | U43: 2 | V43: 0 | W43: 3 | X43: 0 | Y43: 0 | Z43: 0 | AA43: 0 | AB43: 0 | AC43: 0 | AD43: 0 | AE43: 3 | AF43: 0 | AG43: 0 | AH43: 0 | AI43: 1 | AJ43: 0 | AK43: 0 | AL43: 0 | AM43: 0 | AN43: 0 | AO43: 0 | AP43: 0 | AQ43: 0 | AR43: 0 | AS43: 7 | AT43: 3 | BC43: F | BD43: F | BE43: X | BJ43: F | BK43: F | BQ43: F | BX43: F | BY43: F | CA43: F
A44: 11 | B44: Drogueria San Fernando | C44: Andres Carrillo | D44: M010101701 | E44: Cali | F44: 122001290 | G44: MERCADEO | H44: Móvil | I44: Bimestral | J44: 14 | K44: =+Q44 -> 16 | L44: =+K44-J44 -> 2 | M44: 19 | N44: 19 | O44: 0.95497954 | P44: 19 | Q44: 16 | R44: =+S44+U44+W44+Y44+AC44+AE44+AG44+AI44+AK44+AM44+AO44+AQ44+AA44 -> 10 | S44: 0 | T44: 0 | U44: 2 | V44: 0 | W44: 1 | X44: 0 | Y44: 0 | Z44: 0 | AA44: 0 | AB44: 0 | AC44: 0 | AD44: 0 | AE44: 4 | AF44: 0 | AG44: 3 | AH44: 0 | AI44: 0 | AJ44: 0 | AK44: 0 | AL44: 0 | AM44: 0 | AN44: 0 | AO44: 0 | AP44: 0 | AQ44: 0 | AR44: 0 | AS44: 5 | AT44: 5 | BC44: F | BD44: F | BJ44: F | BK44: F | BO44: X | BQ44: F | BX44: F | BY44: F | CA44: F
A45: 12 | B45: Drogueria San Joaquín | C45: Andres Carrillo | D45: M011440213 | E45: Cali | F45: 122001252 | G45: MERCADEO | H45: Móvil | I45: Bimestral | J45: 8 | K45: =+Q45 -> 16 | L45: =+K45-J45 -> 8 | M45: 20 | N45: 20 | O45: 0.54570259 | P45: 20 | Q45: 16 | R45: =+S45+U45+W45+Y45+AC45+AE45+AG45+AI45+AK45+AM45+AO45+AQ45+AA45 -> 8 | S45: 1 | T45: 0 | U45: 3 | V45: 0 | W45: 0 | X45: 0 | Y45: 1 | Z45: 0 | AA45: 0 | AB45: 0 | AC45: 0 | AD45: 0 | AE45: 2 | AF45: 0 | AG45: 1 | AH45: 0 | AI45: 0 | AJ45: 0 | AK45: 0 | AL45: 0 | AM45: 0 | AN45: 0 | AO45: 0 | AP45: 0 | AQ45: 0 | AR45: 0 | AS45: 4 | AT45: 4 | BC45: F | BD45: F | BJ45: F | BK45: F | BP45: X | BQ45: F | BX45: F | BY45: F | CA45: F
A46: 13 | B46: Drogueria Supermercado Cosmocentro | C46: Andres Carrillo | D46: M012170213 | E46: Cali | F46: 122001280 | G46: MERCADEO | H46: Móvil | I46: Bimestral | J46: 14 | K46: =+Q46 -> 16 | L46: =+K46-J46 -> 2 | M46: 22 | N46: 22 | O46: 0.95497954 | P46: 22 | Q46: 16 | R46: =+S46+U46+W46+Y46+AC46+AE46+AG46+AI46+AK46+AM46+AO46+AQ46+AA46 -> 8 | S46: 1 | T46: 0 | U46: 1 | V46: 0 | W46: 1 | X46: 0 | Y46: 0 | Z46: 0 | AA46: 1 | AB46: 0 | AC46: 0 | AD46: 0 | AE46: 2 | AF46: 0 | AG46: 0 | AH46: 0 | AI46: 0 | AJ46: 0 | AK46: 0 | AL46: 0 | AM46: 0 | AN46: 0 | AO46: 2 | AP46: 0 | AQ46: 0 | AR46: 0 | AS46: 5 | AT46: 3 | BC46: F | BD46: F | BJ46: F | BK46: F | BQ46: F | BR46: X | BX46: F | BY46: F | CA46: F
A47: 14 | B47: Drogueria Tequendama II | C47: Andres Carrillo | D47: M010500213 | E47: Cali | F47: 122001235 | G47: MERCADEO | H47: Móvil | I47: Bimestral | J47: 14 | K47: =+Q47 -> 16 | L47: =+K47-J47 -> 2 | M47: 23 | N47: 23 | O47: 0.95497954 | P47: 23 | Q47: 16 | R47: 7 | S47: 0 | T47: 0 | U47: 1 | V47: 0 | W47: 1 | X47: 0 | Y47: 0 | Z47: 0 | AA47: 0 | AB47: 0 | AC47: 2 | AD47: 0 | AE47: 3 | AF47: 0 | AG47: 0 | AH47: 0 | AI47: 0 | AJ47: 0 | AK47: 0 | AL47: 0 | AM47: 0 | AN47: 0 | AO47: 0 | AP47: 0 | AQ47: 0 | AR47: 0 | AS47: 4 | AT47: 3 | BC47: F | BD47: F | BJ47: F | BK47: F | BQ47: F | BS47: X | BX47: F | BY47: F | CA47: F
A48: 15 | B48: Drogueria Unicentro | C48: Andres Carrillo | D48: M011380213 | E48: Cali | F48: 122001249 | G48: MERCADEO | H48: Móvil | I48: Bimestral | J48: 14 | K48: =+Q48 -> 16 | L48: =+K48-J48 -> 2 | M48: 10 | N48: 10 | O48: 0.95497954 | P48: 10 | Q48: 16 | R48: =+S48+U48+W48+Y48+AC48+AE48+AG48+AI48+AK48+AM48+AO48+AQ48+AA48 -> 5 | S48: 1 | T48: 0 | U48: 1 | V48: 0 | W48: 0 | X48: 0 | Y48: 0 | Z48: 0 | AA48: 0 | AB48: 0 | AC48: 0 | AD48: 0 | AE48: 2 | AF48: 0 | AG48: 1 | AH48: 0 | AI48: 0 | AJ48: 0 | AK48: 0 | AL48: 0 | AM48: 0 | AN48: 0 | AO48: 0 | AP48: 0 | AQ48: 0 | AR48: 0 | AS48: 3 | AT48: 2 | BC48: F | BD48: F | BF48: X | BJ48: F | BK48: F | BQ48: F | BX48: F | BY48: F | CA48: F
A49: 16 | B49: Drogueria Valle del Lili | C49: Andres Carrillo | D49: M010520213 | E49: Cali | F49: 122001236 | G49: MERCADEO | H49: Móvil | I49: Bimestral | J49: 14 | K49: =+Q49 -> 16 | L49: =+K49-J49 -> 2 | M49: 11 | N49: 11 | O49: 0.95497954 | P49: 11 | Q49: 16 | R49: =+S49+U49+W49+Y49+AC49+AE49+AG49+AI49+AK49+AM49+AO49+AQ49+AA49 -> 11 | S49: 0 | T49: 0 | U49: 3 | V49: 0 | W49: 1 | X49: 0 | Y49: 0 | Z49: 0 | AA49: 0 | AB49: 0 | AC49: 0 | AD49: 0 | AE49: 2 | AF49: 0 | AG49: 2 | AH49: 0 | AI49: 3 | AJ49: 0 | AK49: 0 | AL49: 0 | AM49: 0 | AN49: 0 | AO49: 0 | AP49: 0 | AQ49: 0 | AR49: 0 | AS49: 9 | AT49: 2 | BC49: F | BD49: F | BG49: X | BJ49: F | BK49: F | BQ49: F | BX49: F | BY49: F | CA49: F
A50: 17 | B50: Drogueria Valle del Lili II | C50: Andres Carrillo | D50: M011860213 | E50: Cali | F50: 122001286 | G50: MERCADEO | H50: Móvil | I50: Bimestral | J50: 14 | K50: =+Q50 -> 16 | L50: =+K50-J50 -> 2 | M50: 12 | N50: 12 | O50: 0.95497954 | P50: 12 | Q50: 16 | R50: =+S50+U50+W50+Y50+AC50+AE50+AG50+AI50+AK50+AM50+AO50+AQ50+AA50 -> 7 | S50: 1 | T50: 0 | U50: 1 | V50: 0 | W50: 0 | X50: 0 | Y50: 0 | Z50: 0 | AA50: 0 | AB50: 0 | AC50: 0 | AD50: 0 | AE50: 3 | AF50: 0 | AG50: 2 | AH50: 0 | AI50: 0 | AJ50: 0 | AK50: 0 | AL50: 0 | AM50: 0 | AN50: 0 | AO50: 0 | AP50: 0 | AQ50: 0 | AR50: 0 | AS50: 5 | AT50: 2 | BC50: F | BD50: F | BH50: X | BJ50: F | BK50: F | BQ50: F | BX50: F | BY50: F | CA50: F
A51: 18 | B51: Ips Comfandi Morichal | C51: Andres Carrillo | D51: S010110205 | E51: Cali | F51: 122001315 | G51: SALUD | H51: Móvil | I51: Mensual | J51: 110 | K51: =+Q51 -> 180 | L51: =+K51-J51 -> 70 | M51: 1 | N51: 10 | O51: 7.5034106 | P51: 1,2,3,4,5,6,9,10, | Q51: 180 | R51: 49 | S51: 1 | T51: 0 | U51: 0 | V51: 0 | W51: 6 | X51: 0 | Y51: 4 | Z51: 0 | AA51: 1 | AB51: 0 | AC51: 4 | AD51: 0 | AE51: 2 | AF51: 0 | AG51: 4 | AH51: 0 | AI51: 18 | AJ51: 0 | AK51: 0 | AL51: 0 | AM51: 7 | AN51: 0 | AO51: 1 | AP51: 0 | AQ51: 1 | AR51: 0 | AS51: 31 | AT51: 18 | AV51: 0.04 | AW51: X | AX51: X | AY51: X | AZ51: X | BA51: X | BB51: X | BC51: F | BD51: F | BE51: x | BF51: x | BJ51: F | BK51: F | BQ51: F | BX51: F | BY51: F | CA51: F
A52: 19 | B52: Ips Salud Integral Amiga | C52: Andres Carrillo | D52: S011460205 | E52: Cali | F52: 122001324 | G52: SALUD | H52: Móvil | I52: Mensual | J52: 66 | K52: =+Q52 -> 88 | L52: =+K52-J52 -> 22 | M52: 11 | N52: 17 | O52: 4.5020464 | P52: 11,12,13,16,17, | Q52: 88 | R52: 16 | S52: 1 | T52: 0 | U52: 2 | V52: 0 | W52: 2 | X52: 0 | Y52: 0 | Z52: 0 | AA52: 0 | AB52: 0 | AC52: 2 | AD52: 0 | AE52: 2 | AF52: 0 | AG52: 3 | AH52: 0 | AI52: 4 | AJ52: 0 | AK52: 0 | AL52: 0 | AM52: 0 | AN52: 0 | AO52: 0 | AP52: 0 | AQ52: 0 | AR52: 0 | AS52: 10 | AT52: 6 | AV52: 0.04 | BC52: F | BD52: F | BG52: X | BH52: X | BI52: X | BJ52: F | BK52: F | BL52: X | BM52: X | BQ52: F | BX52: F | BY52: F | CA52: F
A53: 20 | B53: Colegio Ciudadela (Sede Primaria de Miraflores) | C53: Andres Carrillo | D53: E010060205 | E53: Cali | F53: 122001214 | G53: EDUCACION | H53: Móvil | I53: Mensual | J53: 66 | K53: =+Q53 -> 0 | L53: =+K53-J53 -> -66 | M53: 18 | N53: 23 | O53: 4.5020464 | R53: =+S53+U53+W53+Y53+AC53+AE53+AG53+AI53+AK53+AM53+AO53+AQ53+AA53 -> 0 | BC53: F | BD53: F | BJ53: F | BK53: F | BQ53: F | BX53: F | BY53: F | CA53: F
A54: 21 | B54: Colegio Terranova | C54: Andres Carrillo | D54: E010200205 | E54: Cali | F54: 122001216 | G54: EDUCACION | H54: Móvil | I54: Mensual | J54: 66 | K54: =+Q54 -> 0 | L54: =+K54-J54 -> -66 | M54: 24 | N54: 30 | O54: 4.5020464 | R54: =+S54+U54+W54+Y54+AC54+AE54+AG54+AI54+AK54+AM54+AO54+AQ54+AA54 -> 0 | BC54: F | BD54: F | BJ54: F | BK54: F | BQ54: F | BX54: F | BY54: F | CA54: F
B55: ZONA-VALLE 1 | AU55: =IFERROR(SUMIF(AU56:AU90,"OK",CB56:CB90)/COUNTA(B56:B90),0) -> 0 | AV55: =AVERAGE(AV56:AV90) -> 0.040666667 | CB55: =IF(AU55="OK",1,0) -> 0
A56: 1 | B56: Colegio Buga | C56: Sebastian andres padilla | D56: E030020205 | E56: Buga | F56: 122001223 | G56: EDUCACION | H56: In House | I56: Permanente | J56: 307.86 | K56: =+Q56 -> 232 | L56: =+K56-J56 -> -75.86 | M56: 1 | N56: 30 | O56: 21 | P56: 1,2,3,4,5,6,9,10,11,12,13,16,17,18,19,20,22,23,24, | Q56: 232 | R56: 52 | S56: 3 | T56: 0 | U56: 3 | V56: 0 | W56: 17 | X56: 0 | Y56: 0 | Z56: 0 | AA56: 4 | AB56: 0 | AC56: 9 | AD56: 0 | AE56: 0 | AF56: 0 | AG56: 2 | AH56: 0 | AI56: 10 | AJ56: 0 | AK56: 0 | AL56: 0 | AM56: 4 | AN56: 0 | AO56: 0 | AP56: 0 | AQ56: 0 | AR56: 0 | AS56: 30 | AT56: 22 | AV56: 0.04 | AW56: X | AX56: X | AY56: X | AZ56: X | BA56: X | BB56: X | BC56: F | BD56: F | BE56: X | BF56: X | BG56: X | BH56: X | BI56: X | BJ56: F | BK56: F | BQ56: F | BX56: F | BY56: F | CA56: F | CB56: =IF(AU56="OK",1,0) -> 0
A57: 2 | B57: Edificio Administración Buga | C57: Sebastian andres padilla | D57: A030010219 | E57: Buga | F57: 122001190 | G57: ADMINISTRATIVO | H57: In House | I57: Permanente | J57: 76.965 | K57: =+Q57 -> 72 | L57: =+K57-J57 -> -4.965 | M57: 1 | N57: 17 | O57: 10.5 | P57: 1,2,3,4,5,9,12, | Q57: 72 | R57: 32 | S57: 3 | T57: 0 | U57: 8 | V57: 0 | W57: 4 | X57: 0 | Y57: 0 | Z57: 0 | AA57: 5 | AB57: 0 | AC57: 4 | AD57: 0 | AE57: 0 | AF57: 0 | AG57: 1 | AH57: 0 | AI57: 1 | AJ57: 0 | AK57: 1 | AL57: 0 | AM57: 4 | AN57: 0 | AO57: 1 | AP57: 0 | AQ57: 0 | AR57: 0 | AS57: 10 | AT57: 22 | AV57: 0.04 | AW57: X | AX57: X | AY57: X | AZ57: X | BA57: X | BC57: F | BD57: F | BJ57: F | BK57: F | BQ57: F | BX57: F | BY57: F | CA57: F | CB57: =IF(AU57="OK",1,0) -> 0
A58: 3 | B58: Ips Comfandi Buga | C58: Sebastian andres padilla | D58: S030010205 | E58: Buga | F58: 122001320 | G58: SALUD | H58: In House | I58: Permanente | J58: 76.965 | K58: =+Q58 -> 152 | L58: =+K58-J58 -> 75.035 | M58: 6 | N58: 30 | O58: 10.5 | P58: 6,10,11,13,16,17,18,19,20,22,23, | Q58: 152 | R58: 64 | S58: 5 | T58: 0 | U58: 9 | V58: 0 | W58: 17 | X58: 0 | Y58: 0 | Z58: 0 | AA58: 11 | AB58: 0 | AC58: 6 | AD58: 0 | AE58: 2 | AF58: 0 | AG58: 2 | AH58: 0 | AI58: 15 | AJ58: 0 | AK58: 1 | AL58: 0 | AM58: 1 | AN58: 0 | AO58: 1 | AP58: 0 | AQ58: 0 | AR58: 0 | AS58: 28 | AT58: 42 | BB58: X | BC58: F | BD58: F | BJ58: F | BK58: F | BQ58: F | BX58: F | BY58: F | CA58: F | CB58: =IF(AU58="OK",1,0) -> 0
A59: 4 | B59: IETDH Buenaventura | C59: Sebastian andres padilla | D59: E050010205 | E59: Buenaventura | F59: 122001229 | G59: EDUCACION | H59: In House | I59: Permanente | J59: 52 | K59: =+Q59 -> 104 | L59: =+K59-J59 -> 52 | M59: 1 | N59: 18 | O59: 13 | P59: 1,2,3,4,5,6,9,10,11,12,13,16,17,18, | Q59: 104 | R59: 47 | S59: 4 | T59: 0 | U59: 19 | V59: 0 | W59: 3 | X59: 0 | Y59: 0 | Z59: 0 | AA59: 10 | AB59: 0 | AC59: 5 | AD59: 0 | AE59: 0 | AF59: 0 | AG59: 1 | AH59: 0 | AI59: 3 | AJ59: 0 | AK59: 0 | AL59: 0 | AM59: 1 | AN59: 0 | AO59: 1 | AP59: 0 | AQ59: 0 | AR59: 0 | AS59: 7 | AT59: 40 | AW59: X | AX59: X | AY59: X | AZ59: X | BA59: X | BB59: X | BC59: F | BD59: F | BJ59: F | BK59: F | BQ59: F | BX59: F | BY59: F | CA59: F | CB59: =IF(AU59="OK",1,0) -> 0
A60: 5 | B60: Agencia de Gestión y Colocación de Empleo Buenaventura | C60: Sebastian andres padilla | D60: ORD500782 | E60: Buenaventura | F60: 122001327 | G60: FOMENTO | H60: In House | I60: Permanente | J60: 20 | K60: =+Q60 -> 32 | L60: =+K60-J60 -> 12 | M60: 22 | N60: 26 | O60: 5 | P60: 22,23,24,25, | Q60: 32 | R60: 12 | S60: 3 | T60: 0 | U60: 4 | V60: 0 | W60: 0 | X60: 0 | Y60: 0 | Z60: 0 | AA60: 0 | AB60: 0 | AC60: 2 | AD60: 0 | AE60: 1 | AF60: 0 | AG60: 1 | AH60: 0 | AI60: 1 | AJ60: 0 | AK60: 0 | AL60: 0 | AM60: 0 | AN60: 0 | AO60: 0 | AP60: 0 | AQ60: 0 | AR60: 0 | AS60: 1 | AT60: 11 | BC60: F | BD60: F | BJ60: F | BK60: F | BQ60: F | BR60: X | BS60: X | BT60: X | BU60: X | BX60: F | BY60: F | CA60: F | CB60: =IF(AU60="OK",1,0) -> 0
A61: 6 | B61: CIS Buenaventura | C61: Sebastian andres padilla | D61: A050010407 | E61: Buenaventura | F61: 122001192 | G61: ADMINISTRATIVO | H61: In House | I61: Permanente | J61: 8 | K61: =+Q61 -> 8 | L61: =+K61-J61 -> 0 | M61: 19 | N61: 27 | O61: 2 | P61: 19,20, | Q61: 8 | R61: =+S61+U61+W61+Y61+AC61+AE61+AG61+AI61+AK61+AM61+AO61+AQ61+AA61 -> 3 | S61: 0 | T61: 0 | U61: 2 | V61: 0 | W61: 1 | X61: 0 | Y61: 0 | Z61: 0 | AA61: 0 | AB61: 0 | AC61: 0 | AD61: 0 | AE61: 0 | AF61: 0 | AG61: 0 | AH61: 0 | AI61: 0 | AJ61: 0 | AK61: 0 | AL61: 0 | AM61: 0 | AN61: 0 | AO61: 0 | AP61: 0 | AQ61: 0 | AR61: 0 | AS61: 1 | AT61: 2 | BC61: F | BD61: F | BJ61: F | BK61: F | BO61: X | BP61: X | BQ61: F | BX61: F | BY61: F | CA61: F | CB61: =IF(AU61="OK",1,0) -> 0
A62: 7 | B62: Drogueria Buenaventura Bella Vista | C62: Sebastian andres padilla | D62: M050110213 | E62: Buenaventura | F62: 122001285 | G62: MERCADEO | H62: In House | I62: Permanente | J62: 4 | K62: =+Q62 -> 0 | L62: =+K62-J62 -> -4 | M62: 30 | N62: 30 | O62: 1 | R62: =+S62+U62+W62+Y62+AC62+AE62+AG62+AI62+AK62+AM62+AO62+AQ62+AA62 -> 0 | BC62: F | BD62: F | BJ62: F | BK62: F | BQ62: F | BX62: F | BY62: F | CA62: F | CB62: =IF(AU62="OK",1,0) -> 0
A63: 8 | B63: Colegio El Lago | C63: Sebastian andres padilla | D63: E040110205 | E63: Tulua | F63: 122001224 | G63: EDUCACION | H63: In House | I63: Permanente | J63: 249.22 | K63: =+Q63 -> 232 | L63: =+K63-J63 -> -17.22 | M63: 1 | N63: 24 | O63: 17 | P63: 1,2,3,4,5,6,9,10,11,12,13,16,17,18,19,20, | Q63: 232 | R63: 38 | S63: 2 | T63: 0 | U63: 0 | V63: 0 | W63: 8 | X63: 0 | Y63: 1 | Z63: 0 | AA63: 1 | AB63: 0 | AC63: 3 | AD63: 0 | AE63: 1 | AF63: 0 | AG63: 1 | AH63: 0 | AI63: 4 | AJ63: 0 | AK63: 1 | AL63: 0 | AM63: 14 | AN63: 0 | AO63: 2 | AP63: 0 | AQ63: 0 | AR63: 0 | AS63: 18 | AT63: 20 | AW63: X | AX63: X | AY63: X | AZ63: X | BA63: X | BB63: X | BC63: F | BD63: F | BE63: X | BF63: X | BG63: X | BH63: X | BI63: X | BJ63: F | BK63: F | BL63: X | BM63: X | BN63: X | BO63: X | BP63: X | BQ63: F | BX63: F | BY63: F | CA63: F | CB63: =IF(AU63="OK",1,0) -> 0
A64: 9 | B64: Biblioteca Colegio El Lago | C64: Sebastian andres padilla | D64: E040110205 | E64: Tulua | F64: 122001224 | G64: EDUCACION | H64: In House | I64: Permanente | J64: 58.64 | K64: =+Q64 -> 0 | L64: =+K64-J64 -> -58.64 | M64: 24 | N64: 30 | O64: 4 | R64: =+S64+U64+W64+Y64+AC64+AE64+AG64+AI64+AK64+AM64+AO64+AQ64+AA64 -> 0 | BC64: F | BD64: F | BJ64: F | BK64: F | BQ64: F | BX64: F | BY64: F | CA64: F | CB64: =IF(AU64="OK",1,0) -> 0
A65: 10 | B65: Clinica Comfandi Cartago | C65: Sebastian andres padilla | D65: S060020205 | E65: Cartago | F65: 122001322 | G65: SALUD | H65: In House | I65: Permanente | J65: 307.86 | K65: =+Q65 -> 160 | L65: =+K65-J65 -> -147.86 | M65: 1 | N65: 30 | O65: 21 | P65: 1,2,3,4,5,6,9,10,11,12,13,16,17,18,19, | Q65: 160 | R65: 56 | S65: 7 | T65: 0 | U65: 8 | V65: 0 | W65: 20 | X65: 0 | Y65: 2 | Z65: 0 | AA65: 3 | AB65: 0 | AC65: 1 | AD65: 0 | AE65: 4 | AF65: 0 | AG65: 0 | AH65: 0 | AI65: 7 | AJ65: 0 | AK65: 0 | AL65: 0 | AM65: 4 | AN65: 0 | AO65: 0 | AP65: 0 | AQ65: 0 | AR65: 0 | AS65: 49 | AT65: 7 | AW65: X | AX65: X | AY65: X | AZ65: X | BA65: X | BB65: X | BC65: F | BD65: F | BE65: X | BF65: X | BG65: X | BH65: X | BI65: X | BJ65: F | BK65: F | BQ65: F | BX65: F | BY65: F | CA65: F | CB65: =IF(AU65="OK",1,0) -> 0
A66: 11 | B66: Clinica e IPS Comfandi Palmira | C66: Hans Blake Salas Millan | D66: S020030205 | E66: Palmira | F66: 122001319 | G66: SALUD | H66: In House | I66: Permanente | J66: 307.86 | K66: =+Q66 -> 245.8 | L66: =+K66-J66 -> -62.06 | M66: 1 | N66: 30 | O66: 21 | P66: 1,2,3,4,5,6,9,10,11,12,13,16,17,18,19,20, | Q66: 245.8 | R66: 42 | S66: 5 | T66: 0 | U66: 9 | V66: 0 | W66: 12 | X66: 0 | Y66: 0 | Z66: 0 | AA66: 12 | AB66: 0 | AC66: 0 | AD66: 0 | AE66: 4 | AF66: 0 | AG66: 0 | AH66: 0 | AI66: 0 | AJ66: 0 | AK66: 0 | AL66: 0 | AM66: 0 | AN66: 0 | AO66: 0 | AP66: 0 | AQ66: 0 | AR66: 0 | AS66: 21 | AT66: 21 | AV66: 0.042 | AW66: X | AX66: X | AY66: X | AZ66: X | BA66: X | BB66: X | BC66: F | BD66: F | BE66: X | BF66: X | BG66: X | BH66: X | BI66: X | BJ66: F | BK66: F | BL66: X | BM66: X | BN66: X | BO66: X | BP66: X | BQ66: F | BX66: F | BY66: F | CA66: F | CB66: =IF(AU66="OK",1,0) -> 0
A67: 12 | B67: Drogueria Aeropuerto | C67: Hans Blake Salas Millan | D67: M011370213 | E67: Palmira | F67: 122001263 | G67: MERCADEO | H67: Móvil | I67: Bimestral | J67: 8 | K67: =+Q67 -> 0 | L67: =+K67-J67 -> -8 | M67: 27 | N67: 27 | O67: 0.54570259 | R67: =+S67+U67+W67+Y67+AC67+AE67+AG67+AI67+AK67+AM67+AO67+AQ67+AA67 -> 0 | BC67: F | BD67: F | BJ67: F | BK67: F | BQ67: F | BX67: F | BY67: F | CA67: F | CB67: =IF(AU67="OK",1,0) -> 0
A68: 13 | B68: Drogueria Buga Principal | C68: Sebastian andres padilla | D68: M030011701 | E68: Buga | F68: 122001273 | G68: MERCADEO | H68: Móvil | I68: Bimestral | J68: 8 | K68: =+Q68 -> 8 | L68: =+K68-J68 -> 0 | M68: 6 | N68: 6 | O68: 0.54570259 | P68: 6 | Q68: 8 | R68: =+S68+U68+W68+Y68+AC68+AE68+AG68+AI68+AK68+AM68+AO68+AQ68+AA68 -> 2 | S68: 0 | T68: 0 | U68: 1 | V68: 0 | W68: 0 | X68: 0 | Y68: 0 | Z68: 0 | AA68: 0 | AB68: 0 | AC68: 0 | AD68: 0 | AE68: 0 | AF68: 0 | AG68: 1 | AH68: 0 | AI68: 0 | AJ68: 0 | AK68: 0 | AL68: 0 | AM68: 0 | AN68: 0 | AO68: 0 | AP68: 0 | AQ68: 0 | AR68: 0 | AS68: 1 | AT68: 1 | BB68: X | BC68: F | BD68: F | BJ68: F | BK68: F | BQ68: F | BX68: F | BY68: F | CA68: F | CB68: =IF(AU68="OK",1,0) -> 0
A69: 14 | B69: Drogueria Bugalagrande | C69: Sebastian andres padilla | D69: M040131701 | E69: Buga | F69: 122001274 | G69: MERCADEO | H69: Móvil | I69: Bimestral | J69: 8 | K69: =+Q69 -> 0 | L69: =+K69-J69 -> -8 | M69: 13 | N69: 13 | O69: 0.54570259 | R69: =+S69+U69+W69+Y69+AC69+AE69+AG69+AI69+AK69+AM69+AO69+AQ69+AA69 -> 0 | BC69: F | BD69: F | BJ69: F | BK69: F | BQ69: F | BX69: F | BY69: F | CA69: F | CB69: =IF(AU69="OK",1,0) -> 0
A70: 15 | B70: Drogueria Carrera 35 | C70: Sebastian andres padilla | D70: M040050213 | E70: Tulua | F70: 122001242 | G70: MERCADEO | H70: Móvil | I70: Bimestral | J70: 8 | K70: =+Q70 -> 16 | L70: =+K70-J70 -> 8 | M70: 12 | N70: 12 | O70: 0.54570259 | P70: 12 | Q70: 16 | R70: =+S70+U70+W70+Y70+AC70+AE70+AG70+AI70+AK70+AM70+AO70+AQ70+AA70 -> 1 | S70: 0 | T70: 0 | U70: 1 | V70: 0 | W70: 0 | X70: 0 | Y70: 0 | Z70: 0 | AA70: 0 | AB70: 0 | AC70: 0 | AD70: 0 | AE70: 0 | AF70: 0 | AG70: 0 | AH70: 0 | AI70: 0 | AJ70: 0 | AK70: 0 | AL70: 0 | AM70: 0 | AN70: 0 | AO70: 0 | AP70: 0 | AQ70: 0 | AR70: 0 | AS70: 1 | AT70: 0 | BC70: F | BD70: F | BH70: X | BJ70: F | BK70: F | BQ70: F | BX70: F | BY70: F | CA70: F | CB70: =IF(AU70="OK",1,0) -> 0
A71: 16 | B71: Drogueria Cartago Principal | C71: Sebastian andres padilla | D71: A060010219 | E71: Cartago | F71: 122001188 | G71: MERCADEO | H71: Móvil | I71: Bimestral | J71: 14 | K71: =+Q71 -> 16 | L71: =+K71-J71 -> 2 | M71: 19 | N71: 19 | O71: 0.95497954 | P71: 19 | Q71: 16 | R71: =+S71+U71+W71+Y71+AC71+AE71+AG71+AI71+AK71+AM71+AO71+AQ71+AA71 -> 1 | S71: 0 | T71: 0 | U71: 0 | V71: 0 | W71: 0 | X71: 0 | Y71: 0 | Z71: 0 | AA71: 0 | AB71: 0 | AC71: 0 | AD71: 0 | AE71: 0 | AF71: 0 | AG71: 0 | AH71: 0 | AI71: 1 | AJ71: 0 | AK71: 0 | AL71: 0 | AM71: 0 | AN71: 0 | AO71: 0 | AP71: 0 | AQ71: 0 | AR71: 0 | AS71: 1 | AT71: 0 | BC71: F | BD71: F | BJ71: F | BK71: F | BO71: X | BQ71: F | BX71: F | BY71: F | CA71: F | CB71: =IF(AU71="OK",1,0) -> 0
A72: 17 | B72: Centro Recreativo Buga | C72: Sebastian andres padilla | D72: R030060205 | E72: Buga | F72: 122001311 | G72: RECREACION | H72: Móvil | I72: Bimestral | J72: 102 | K72: =+Q72 -> 152 | L72: =+K72-J72 -> 50 | M72: 1 | N72: 10 | O72: 6.957708 | P72: 1,2,3,4,5,9,10, | Q72: 152 | R72: =+S72+U72+W72+Y72+AC72+AE72+AG72+AI72+AK72+AM72+AO72+AQ72+AA72 -> 50 | S72: 0 | T72: 0 | U72: 5 | V72: 0 | W72: 34 | X72: 0 | Y72: 1 | Z72: 0 | AA72: 0 | AB72: 0 | AC72: 0 | AD72: 0 | AE72: 0 | AF72: 0 | AG72: 0 | AH72: 0 | AI72: 5 | AJ72: 0 | AK72: 0 | AL72: 0 | AM72: 5 | AN72: 0 | AO72: 0 | AP72: 0 | AQ72: 0 | AR72: 0 | AS72: 12 | AT72: 38 | AW72: X | AX72: X | AY72: X | AZ72: X | BA72: X | BC72: F | BD72: F | BE72: X | BF72: X | BJ72: F | BK72: F | BQ72: F | BX72: F | BY72: F | CA72: F | CB72: =IF(AU72="OK",1,0) -> 0
A73: 18 | B73: Biblioteca Buga Adultos FTDH | C73: Sebastian andres padilla | D73: E030026005 | E73: Buga | F73: 122001228 | G73: EDUCACION | H73: Móvil | I73: Bimestral | J73: 15 | K73: =+Q73 -> 16 | L73: =+K73-J73 -> 1 | M73: 11 | N73: 11 | O73: 1.0231924 | P73: 11 | Q73: 16 | R73: =+S73+U73+W73+Y73+AC73+AE73+AG73+AI73+AK73+AM73+AO73+AQ73+AA73 -> 4 | S73: 0 | T73: 0 | U73: 1 | V73: 0 | W73: 0 | X73: 0 | Y73: 0 | Z73: 0 | AA73: 0 | AB73: 0 | AC73: 0 | AD73: 0 | AE73: 0 | AF73: 0 | AG73: 0 | AH73: 0 | AI73: 1 | AJ73: 0 | AK73: 0 | AL73: 0 | AM73: 2 | AN73: 0 | AO73: 0 | AP73: 0 | AQ73: 0 | AR73: 0 | AS73: 1 | AT73: 3 | BC73: F | BD73: F | BG73: X | BJ73: F | BK73: F | BQ73: F | BX73: F | BY73: F | CA73: F | CB73: =IF(AU73="OK",1,0) -> 0
A74: 19 | B74: Agencia de Gestión y Colocación de Empleo Buga | C74: Sebastian andres padilla | D74: ORD500782 | E74: Buga | F74: 122001328 | G74: EDUCACION | H74: Móvil | I74: Bimestral | J74: 58 | K74: =+Q74 -> 64 | L74: =+K74-J74 -> 6 | M74: 16 | N74: 19 | O74: 3.9563438 | P74: 16,17,18,19, | Q74: 64 | R74: 8 | S74: 0 | T74: 0 | U74: 1 | V74: 0 | W74: 2 | X74: 0 | Y74: 0 | Z74: 0 | AA74: 0 | AB74: 0 | AC74: 1 | AD74: 0 | AE74: 1 | AF74: 0 | AG74: 1 | AH74: 0 | AI74: 1 | AJ74: 0 | AK74: 0 | AL74: 0 | AM74: 1 | AN74: 0 | AO74: 0 | AP74: 0 | AQ74: 0 | AR74: 0 | AS74: 5 | AT74: 3 | BC74: F | BD74: F | BJ74: F | BK74: F | BL74: X | BM74: X | BN74: X | BO74: X | BQ74: F | BX74: F | BY74: F | CA74: F
A75: 20 | B75: Agencia de Gestión y Colocación de Empleo Tuluá | C75: Sebastian andres padilla | D75: ORD500782 | E75: Tulua | F75: 122001329 | G75: FOMENTO | H75: Móvil | I75: Mensual | J75: 14 | K75: =+Q75 -> 0 | L75: =+K75-J75 -> -14 | M75: 17 | N75: 17 | O75: 0.95497954 | R75: =+S75+U75+W75+Y75+AC75+AE75+AG75+AI75+AK75+AM75+AO75+AQ75+AA75 -> 0 | BC75: F | BD75: F | BJ75: F | BK75: F | BQ75: F | BX75: F | BY75: F | CA75: F
A76: 21 | B76: IETDH Alfonso Potes Roldan | C76: Sebastian andres padilla | D76: A040010224 | E76: Tulua | F76: 122001209 | G76: EDUCACION | H76: Móvil | I76: Mensual | J76: 14 | K76: =+Q76 -> 0 | L76: =+K76-J76 -> -14 | M76: 16 | N76: 16 | O76: 0.95497954 | R76: =+S76+U76+W76+Y76+AC76+AE76+AG76+AI76+AK76+AM76+AO76+AQ76+AA76 -> 0 | BC76: F | BD76: F | BJ76: F | BK76: F | BQ76: F | BX76: F | BY76: F | CA76: F
A77: 22 | B77: Edificio Administración Tuluá | C77: Sebastian andres padilla | D77: A040010219 | E77: Tulua | F77: 122001189 | G77: ADMINISTRATIVO | H77: Móvil | I77: Mensual | J77: 14 | K77: =+Q77 -> 0 | L77: =+K77-J77 -> -14 | M77: 12 | N77: 12 | O77: 0.95497954 | R77: =+S77+U77+W77+Y77+AC77+AE77+AG77+AI77+AK77+AM77+AO77+AQ77+AA77 -> 0 | BC77: F | BD77: F | BJ77: F | BK77: F | BQ77: F | BX77: F | BY77: F | CA77: F | CB77: =IF(AU77="OK",1,0) -> 0
A78: 23 | B78: Centro Campestre Tulua | C78: Sebastian andres padilla | D78: R040070205 | E78: Tulua | F78: 122001307 | G78: RECREATIVO | H78: Móvil | I78: Mensual | J78: 88 | K78: =+Q78 -> 0 | L78: =+K78-J78 -> -88 | M78: 19 | N78: 26 | O78: 6.0027285 | R78: =+S78+U78+W78+Y78+AC78+AE78+AG78+AI78+AK78+AM78+AO78+AQ78+AA78 -> 0 | BC78: F | BD78: F | BJ78: F | BK78: F | BQ78: F | BX78: F | BY78: F | CA78: F | CB78: =IF(AU78="OK",1,0) -> 0
A79: 24 | B79: Ips Comfandi Tuluá | C79: Sebastian andres padilla | D79: S040060205 | E79: Tulua | F79: 122001321 | G79: SALUD | H79: Móvil | I79: Mensual | J79: 124 | K79: =+Q79 -> 184 | L79: =+K79-J79 -> 60 | M79: 1 | N79: 11 | O79: 8.4583902 | P79: 1,2,3,4,5,6,9,10,11,13, | Q79: 184 | R79: =+S79+U79+W79+Y79+AC79+AE79+AG79+AI79+AK79+AM79+AO79+AQ79+AA79 -> 34 | S79: 1 | T79: 0 | U79: 1 | V79: 0 | W79: 20 | X79: 0 | Y79: 2 | Z79: 0 | AA79: 1 | AB79: 0 | AC79: 1 | AD79: 0 | AE79: 8 | AF79: 0 | AG79: 0 | AH79: 0 | AI79: 0 | AJ79: 0 | AK79: 0 | AL79: 0 | AM79: 0 | AN79: 0 | AO79: 0 | AP79: 0 | AQ79: 0 | AR79: 0 | AS79: 23 | AT79: 11 | AW79: X | AX79: X | AY79: X | AZ79: X | BA79: X | BB79: X | BC79: F | BD79: F | BJ79: F | BK79: F | BQ79: F | BX79: F | BY79: F | CA79: F
A80: 25 | B80: Ips Comfandi Cartago | C80: Sebastian andres padilla | D80: S060010205 | E80: Cartago | F80: 122001323 | G80: SALUD | H80: Móvil | I80: Mensual | J80: 124 | K80: =+Q80 -> 152 | L80: =+K80-J80 -> 28 | M80: 1 | N80: 11 | O80: 8.4583902 | P80: 1,2,3,4,5,6,9,10,11,12, | Q80: 152 | R80: 28 | S80: 3 | T80: 0 | U80: 1 | V80: 0 | W80: 7 | X80: 0 | Y80: 1 | Z80: 0 | AA80: 2 | AB80: 0 | AC80: 2 | AD80: 0 | AE80: 2 | AF80: 0 | AG80: 0 | AH80: 0 | AI80: 8 | AJ80: 0 | AK80: 1 | AL80: 0 | AM80: 1 | AN80: 0 | AO80: 0 | AP80: 0 | AQ80: 0 | AR80: 0 | AS80: 22 | AT80: 6 | AW80: X | AX80: X | AY80: X | AZ80: X | BA80: X | BB80: X | BC80: F | BD80: F | BE80: X | BF80: X | BG80: X | BH80: X | BJ80: F | BK80: F | BQ80: F | BX80: F | BY80: F | CA80: F
A81: 26 | B81: Agencia de Gestión y Colocación de Empleo Palmira | C81: Hans Blake Salas Millan | D81: ORD500782 | E81: Palmira | F81: 122001326 | G81: FOMENTO | H81: Móvil | I81: Mensual | J81: 30 | K81: =+Q81 -> 32 | L81: =+K81-J81 -> 2 | M81: 19 | N81: 22 | O81: 2.0463847 | P81: 19,22, | Q81: 32 | R81: =+S81+U81+W81+Y81+AC81+AE81+AG81+AI81+AK81+AM81+AO81+AQ81+AA81 -> 7 | S81: 1 | T81: 0 | U81: 2 | V81: 0 | W81: 0 | X81: 0 | Y81: 1 | Z81: 0 | AA81: 0 | AB81: 0 | AC81: 2 | AD81: 0 | AE81: 0 | AF81: 0 | AG81: 1 | AH81: 0 | AI81: 0 | AJ81: 0 | AK81: 0 | AL81: 0 | AM81: 0 | AN81: 0 | AO81: 0 | AP81: 0 | AQ81: 0 | AR81: 0 | AS81: 3 | AT81: 4 | BC81: F | BD81: F | BJ81: F | BK81: F | BO81: X | BQ81: F | BR81: X | BX81: F | BY81: F | CA81: F
A82: 27 | B82: IETDH Palmira | C82: Hans Blake Salas Millan | D82: E020106101 | E82: Palmira | F82: 122001222 | G82: EDUCACIÓN | H82: Móvil | I82: Mensual | J82: 30 | K82: =+Q82 -> 32 | L82: =+K82-J82 -> 2 | M82: 23 | N82: 24 | O82: 2.0463847 | P82: 23,24, | Q82: 32 | R82: =+S82+U82+W82+Y82+AC82+AE82+AG82+AI82+AK82+AM82+AO82+AQ82+AA82 -> 8 | S82: 1 | T82: 0 | U82: 2 | V82: 0 | W82: 0 | X82: 0 | Y82: 1 | Z82: 0 | AA82: 1 | AB82: 0 | AC82: 2 | AD82: 0 | AE82: 0 | AF82: 0 | AG82: 0 | AH82: 0 | AI82: 1 | AJ82: 0 | AK82: 0 | AL82: 0 | AM82: 0 | AN82: 0 | AO82: 0 | AP82: 0 | AQ82: 0 | AR82: 0 | AS82: 2 | AT82: 6 | BC82: F | BD82: F | BJ82: F | BK82: F | BQ82: F | BX82: F | BY82: F | CA82: F
A83: 28 | B83: Biblioteca escolar colegio palmira | C83: Hans Blake Salas Millan | D83: E020010205 | E83: Palmira | F83: 122001221 | G83: EDUCACIÓN | H83: Móvil | I83: Mensual | J83: 30 | K83: =+Q83 -> 0 | L83: =+K83-J83 -> -30 | M83: 25 | N83: 26 | O83: 2.0463847 | R83: =+S83+U83+W83+Y83+AC83+AE83+AG83+AI83+AK83+AM83+AO83+AQ83+AA83 -> 0 | BC83: F | BD83: F | BJ83: F | BK83: F | BQ83: F | BX83: F | BY83: F | CA83: F
A84: 29 | B84: Biblioteca Florida | C84: Hans Blake Salas Millan | D84: E020010205 | E84: Florida | F84: 122001221 | G84: EDUCACIÓN | H84: Móvil | I84: Mensual | J84: 15 | K84: =+Q84 -> 16 | L84: =+K84-J84 -> 1 | M84: 16 | N84: 16 | O84: 1.0231924 | P84: 16 | Q84: 16 | R84: =+S84+U84+W84+Y84+AC84+AE84+AG84+AI84+AK84+AM84+AO84+AQ84+AA84 -> 3 | S84: 0 | T84: 0 | U84: 1 | V84: 0 | W84: 0 | X84: 0 | Y84: 0 | Z84: 0 | AA84: 0 | AB84: 0 | AC84: 1 | AD84: 0 | AE84: 0 | AF84: 0 | AG84: 0 | AH84: 0 | AI84: 0 | AJ84: 0 | AK84: 0 | AL84: 0 | AM84: 1 | AN84: 0 | AO84: 0 | AP84: 0 | AQ84: 0 | AR84: 0 | AS84: 1 | AT84: 2 | BC84: F | BD84: F | BJ84: F | BK84: F | BL84: X | BQ84: F | BX84: F | BY84: F | CA84: F
A85: 30 | B85: Biblioteca Pública Escolar El Cerrito | C85: Hans Blake Salas Millan | D85: E020040801 | E85: El Cerrito | F85: 122001225 | G85: EDUCACIÓN | H85: Móvil | I85: Mensual | J85: 30 | K85: =+Q85 -> 16 | L85: =+K85-J85 -> -14 | M85: 17 | N85: 18 | O85: 2.0463847 | P85: 17,18, | Q85: 16 | R85: 8 | S85: 1 | T85: 0 | U85: 1 | V85: 0 | W85: 2 | X85: 0 | Y85: 2 | Z85: 0 | AA85: 0 | AB85: 0 | AC85: 1 | AD85: 0 | AE85: 0 | AF85: 0 | AG85: 0 | AH85: 0 | AI85: 0 | AJ85: 0 | AK85: 1 | AL85: 0 | AM85: 0 | AN85: 0 | AO85: 0 | AP85: 0 | AQ85: 0 | AR85: 0 | AS85: 2 | AT85: 6 | BC85: F | BD85: F | BJ85: F | BK85: F | BM85: X | BN85: X | BQ85: F | BX85: F | BY85: F | CA85: F
A86: 31 | B86: Biblioteca Pública Escolar San Antonio de los Caballeros | C86: Hans Blake Salas Millan | D86: E020390801 | E86: Florida | F86: 122001226 | G86: EDUCACIÓN | H86: Móvil | I86: Mensual | J86: 30 | K86: =+Q86 -> 32 | L86: =+K86-J86 -> 2 | M86: 11 | N86: 12 | O86: 2.0463847 | P86: 11,12, | Q86: 32 | R86: =+S86+U86+W86+Y86+AC86+AE86+AG86+AI86+AK86+AM86+AO86+AQ86+AA86 -> 6 | S86: 0 | T86: 0 | U86: 3 | V86: 0 | W86: 0 | X86: 0 | Y86: 1 | Z86: 0 | AA86: 0 | AB86: 0 | AC86: 1 | AD86: 0 | AE86: 0 | AF86: 0 | AG86: 0 | AH86: 0 | AI86: 1 | AJ86: 0 | AK86: 0 | AL86: 0 | AM86: 0 | AN86: 0 | AO86: 0 | AP86: 0 | AQ86: 0 | AR86: 0 | AS86: 3 | AT86: 3 | BC86: F | BD86: F | BG86: X | BH86: X | BJ86: F | BK86: F | BQ86: F | BX86: F | BY86: F | CA86: F
A87: 32 | B87: Colegio Palmira | C87: Hans Blake Salas Millan | D87: E020100205 | E87: Palmira | F87: 122001219 | G87: EDUCACIÓN | H87: Móvil | I87: Mensual | J87: 110 | K87: =+Q87 -> 112 | L87: =+K87-J87 -> 2 | M87: 1 | N87: 10 | O87: 7.5034106 | P87: 1,2,3,4,5,9,10, | Q87: 112 | R87: 26 | S87: 4 | T87: 0 | U87: 7 | V87: 0 | W87: 2 | X87: 0 | Y87: 6 | Z87: 0 | AA87: 0 | AB87: 0 | AC87: 4 | AD87: 0 | AE87: 0 | AF87: 0 | AG87: 0 | AH87: 0 | AI87: 3 | AJ87: 0 | AK87: 0 | AL87: 0 | AM87: 0 | AN87: 0 | AO87: 0 | AP87: 0 | AQ87: 0 | AR87: 0 | AS87: 12 | AT87: 14 | AW87: X | AX87: X | AY87: X | AZ87: X | BA87: X | BC87: F | BD87: F | BE87: X | BF87: X | BJ87: F | BK87: F | BQ87: F | BX87: F | BY87: F | CA87: F
A88: 33 | B88: Edificio Sede Administrativa palmira | C88: Hans Blake Salas Millan | D88: A020010219 | E88: Palmira | F88: 122001187 | G88: ADMINISTRACIÓN | H88: Móvil | I88: Mensual | J88: 132 | K88: =+Q88 -> 112 | L88: =+K88-J88 -> -20 | M88: 1 | N88: 25 | O88: 9.0040928 | P88: 1,2,5,9,12,16,19,22,25, | Q88: 112 | R88: 28 | S88: 0 | T88: 0 | U88: 6 | V88: 0 | W88: 9 | X88: 0 | Y88: 4 | Z88: 0 | AA88: 0 | AB88: 0 | AC88: 0 | AD88: 0 | AE88: 0 | AF88: 0 | AG88: 0 | AH88: 0 | AI88: 7 | AJ88: 0 | AK88: 0 | AL88: 0 | AM88: 2 | AN88: 0 | AO88: 0 | AP88: 0 | AQ88: 0 | AR88: 0 | AS88: 13 | AT88: 15 | AW88: X | AX88: X | BA88: X | BC88: F | BD88: F | BJ88: F | BK88: F | BQ88: F | BX88: F | BY88: F | CA88: F
A89: 34 | B89: IETDH Cartago | C89: Sebastian andres padilla | D89: E060010205 | E89: Cartago | F89: 122001230 | G89: ADMINISTRACIÓN | H89: Móvil | I89: Mensual | J89: 44 | K89: =+Q89 -> 0 | L89: =+K89-J89 -> -44 | M89: 16 | N89: 18 | O89: 3.0013643 | R89: =+S89+U89+W89+Y89+AC89+AE89+AG89+AI89+AK89+AM89+AO89+AQ89+AA89 -> 0 | BC89: F | BD89: F | BJ89: F | BK89: F | BQ89: F | BX89: F | BY89: F | CA89: F
A90: 35 | B90: Biblioteca Central Palmira | C90: Hans Blake Salas Millan | D90: E020010205 | E90: Palmira | F90: 122001221 | G90: EDUCACIÓN | H90: Móvil | I90: Mensual | J90: 132 | K90: =+Q90 -> 64 | L90: =+K90-J90 -> -68 | M90: 3 | N90: 26 | O90: 9.0040928 | P90: 3,4,10,11,17,18,23,24, | Q90: 64 | R90: =+S90+U90+W90+Y90+AC90+AE90+AG90+AI90+AK90+AM90+AO90+AQ90+AA90 -> 17 | S90: 2 | T90: 0 | U90: 1 | V90: 0 | W90: 5 | X90: 0 | Y90: 3 | Z90: 0 | AA90: 0 | AB90: 0 | AC90: 0 | AD90: 0 | AE90: 0 | AF90: 0 | AG90: 1 | AH90: 0 | AI90: 5 | AJ90: 0 | AK90: 0 | AL90: 0 | AM90: 0 | AN90: 0 | AO90: 0 | AP90: 0 | AQ90: 0 | AR90: 0 | AS90: 11 | AT90: 6 | AY90: X | AZ90: X | BC90: F | BD90: F | BF90: X | BG90: X | BJ90: F | BK90: F | BM90: X | BN90: X | BQ90: F | BX90: F | BY90: F | CA90: F
B91: ZONA-VALLE 3 | AU91: =IFERROR(SUMIF(AU92:AU94,"OK",CB92:CB94)/COUNTA(B92:B94),0) -> 0 | AV91: =AVERAGE(AV92:AV94) -> #DIV/0!
A92: 1 | B92: Centro Recreativo Comfandi Lago Calima | D92: R010640205 | E92: Calima | F92: 122001151 | G92: RECREACIÓN | H92: In House | I92: Permanente | K92: =+Q92 -> 0 | R92: =+S92+U92+W92+Y92+AC92+AE92+AG92+AI92+AK92+AM92+AO92+AQ92 -> 0 | BC92: F | BD92: F | BJ92: F | BK92: F | BQ92: F | BX92: F | BY92: F | CB92: =IF(AU92="OK",1,0) -> 0
A93: 2 | B93: Centro Vacacional Comfandi Lago Calima | D93: R010240205 | E93: Calima | F93: 122001148 | G93: RECREACIÓN | H93: In House | I93: Permanente | K93: =+Q93 -> 0 | R93: =+S93+U93+W93+Y93+AC93+AE93+AG93+AI93+AK93+AM93+AO93+AQ93 -> 0 | BC93: F | BD93: F | BJ93: F | BK93: F | BQ93: F | BX93: F | BY93: F | CB93: =IF(AU93="OK",1,0) -> 0
A94: 3 | B94: Hostería Los Veleros | D94: R010280205 | E94: Calima | F94: 122001150 | G94: RECREACIÓN | H94: In House | I94: Permanente | K94: =+Q94 -> 0 | R94: =+S94+U94+W94+Y94+AC94+AE94+AG94+AI94+AK94+AM94+AO94+AQ94 -> 0 | BC94: F | BD94: F | BJ94: F | BK94: F | BQ94: F | BX94: F | BY94: F | CB94: =IF(AU94="OK",1,0) -> 0
D95: TOTAL HORAS | J95: =SUBTOTAL(9,J7:J94) -> 6850.92 | K95: =SUBTOTAL(9,K7:K94) -> 5597.8 | L95: =SUBTOTAL(9,L7:L94) -> -1253.12 | Q95: =SUBTOTAL(9,Q7:Q94) -> 5597.8 | R95: =SUBTOTAL(9,R7:R94) -> 1687 | S95: =SUBTOTAL(9,S6:S94) -> 160 | T95: =SUBTOTAL(9,T6:T94) -> 0 | U95: =SUBTOTAL(9,U6:U94) -> 238 | V95: =SUBTOTAL(9,V6:V94) -> 0 | W95: =SUBTOTAL(9,W6:W94) -> 348 | X95: =SUBTOTAL(9,X6:X94) -> 0 | Y95: =SUBTOTAL(9,Y6:Y94) -> 179 | Z95: =SUBTOTAL(9,Z6:Z94) -> 0 | ... AT95: =SUBTOTAL(9,AT6:AT94) -> 952 | AV95: =AVERAGE(AV91,AV55,AV33,AV6) -> #DIV/0!
B97: TOTAL JUNIO 82 SEDES

Sheet Hoja1
A1: ITEM | B1: SEDE COMFANDI | C1: CECOS | D1: ACTIVO FIJO | E1: UES | F1: ZONA | G1: CIUDAD | H1: MODELO | I1: SUPERVISOR
A2: 1 | B2: Agencia de Gestión y Colocación de Empleo Buenaventura | C2: ORD500782 | D2: 122001327 | E2: FOMENTO | F2: VALLE1 | G2: Buenaventura | H2: In House | I2: Sebastian andres padilla
A3: 2 | B3: Agencia de Gestión y Colocación de Empleo Buga | C3: ORD500782 | D3: 122001328 | E3: FOMENTO | F3: VALLE1 | G3: Buga | H3: Movil | I3: Sebastian andres padilla
A4: 3 | B4: Agencia de Gestión y Colocación de Empleo Palmira | C4: ORD500782 | D4: 122001326 | E4: FOMENTO | F4: NORTE | G4: Palmira | H4: Movil | I4: Hans Blake Salas Millan
A5: 4 | B5: Agencia de Gestión y Colocación de Empleo Tuluá | C5: ORD500782 | D5: 122001329 | E5: FOMENTO | F5: VALLE1 | G5: Tuluá | H5: Movil | I5: Sebastian andres padilla
A6: 5 | B6: Biblioteca Buga Adultos FTDH | C6: E030026005 | D6: 122001228 | E6: EDUCACIÓN | F6: VALLE1 | G6: Buga | H6: Movil | I6: Sebastian andres padilla
A7: 6 | B7: Biblioteca Central Palmira | C7: E020010205 | D7: 122001221 | E7: EDUCACIÓN | F7: NORTE | G7: Palmira | H7: Movil | I7: Hans Blake Salas Millan
A8: 7 | B8: Biblioteca escolar colegio palmira | C8: E020010205 | D8: 122001221 | E8: EDUCACIÓN | F8: NORTE | G8: Palmira | H8: Movil | I8: Hans Blake Salas Millan
A9: 8 | B9: Biblioteca Florida | C9: E020010205 | D9: 122001221 | E9: EDUCACIÓN | F9: NORTE | G9: Florida | H9: Movil | I9: Hans Blake Salas Millan
A10: 9 | B10: Biblioteca Pública Escolar El Cerrito | C10: E020040801 | D10: 122001225 | E10: EDUCACIÓN | F10: NORTE | G10: El Cerrito | H10: Movil | I10: Hans Blake Salas Millan
A11: 10 | B11: Biblioteca Pública Escolar San Antonio de los Caballeros | C11: E020390801 | D11: 122001226 | E11: EDUCACIÓN | F11: NORTE | G11: Florida | H11: Movil | I11: Hans Blake Salas Millan
A12: 11 | B12: Centro Campestre Comfandi Arroyohondo | C12: R010210205 | D12: 122001305 | E12: RECREACIÓN | F12: NORTE | G12: Yumbo | H12: In House | I12: Hans Blake Salas Millan
A13: 12 | B13: Centro Campestre Comfandi Pance | C13: R010250205 | D13: 122001306 | E13: RECREACIÓN | F13: SUR | G13: Cali | H13: In House | I13: Andres Carrillo
... A118: 117 | B118: Colegio El Prado Sede Bachillerato (Móvil) | C118: E010010205 | D118: 122001210 | E118: EDUCACIÓN | F118: CENTRO | G118: Cali | H118: Movil | I118: Bryan A. Urbano

Sheet Entregas
A2: ENTREGA DIARIA CHECK LIST MANTENIMIENTO PROGRAMADO
B3: DATOS GENERALES | H3: CANTIDAD AUTOGESTIONES-PILARES DE MANTENIMIENTO | AH3: TIPO AUTOGESTIÓN
A5: SEDE | B5: SUPERVISOR | C5: UES | D5: C. COSTO | E5: FECHAS DE EJECUCIÓN | F5: HORAS EJECUTADAS | G5: CANTIDAD AUTOGESTIONES | H5: HID-SAN | I5: Tipo | J5: INS-ELE | K5: M2 | L5: OBR-CIV | M5: M22 | N5: APY-LOG | O5: Horas | P5: APY-MTTO | Q5: Horas | R5: CARP-MET | S5: Tipo3 | T5: CHA-LLAV | U5: Tipo4 | V5: CARP-MAD | W5: Tipo5 | X5: PINT | Y5: M26 | Z5: ADE-OFI | AA5: Tipo7 | AB5: CUBI | AC5: M28 | AD5: SEÑA | AE5: Tipo9 | AF5: PERSIA | AG5: Tipo10 | AH5: CON COBRO | AI5: SIN COBRO | AJ5: N° CHECK LIST | AK5: facilitador | AL5: INDICE | AM5: DRIVE | AN5: GESTOR RESPONSABLE
A6: Edificio Comfandi El Prado | B6: =VLOOKUP(Tabla6[[#This Row],[SEDE]],'Cronog Junio 2026'!B3:C94,2,0) -> Bryan A. Urbano | C6: =VLOOKUP(Tabla6[[#This Row],[SEDE]],'Cronog Junio 2026'!B3:G94,6,0) -> ADMINISTRATIVO | D6: =VLOOKUP(Tabla6[[#This Row],[SEDE]],'Cronog Junio 2026'!B3:D94,3,0) -> A010010219 | E6: 1,2,3,4,5,6, | F6: 93.6 | G6: =+H6+J6+L6+N6+P6+R6+T6+V6+X6+Z6+AB6+AD6+AF6 -> 32 | H6: 1 | I6: 0 | J6: 7 | K6: 0 | L6: 5 | M6: 0 | N6: 12 | O6: 0 | P6: 3 | Q6: 0 | R6: 1 | S6: 0 | T6: 2 | U6: 0 | V6: 0 | W6: 0 | X6: 0 | Y6: 0 | Z6: 0 | AA6: 0 | AB6: 0 | AC6: 0 | AD6: 0 | AE6: 0 | AF6: 1 | AG6: 0 | AH6: 0 | AI6: 32 | AJ6: 5049-5058-5060-5061-5062-5071 | AK6: por firma de gestor | AL6: NO | AM6: OK | AN6: DIANA RAMOS/JOAQUIN DELGADO
E7: 9,10,11,12,13, | F7: 72 | G7: =+H7+J7+L7+N7+P7+R7+T7+V7+X7+Z7+AB7+AD7+AF7 -> 22 | H7: 2 | I7: 0 | J7: 3 | K7: 0 | L7: 2 | M7: 0 | N7: 9 | O7: 0 | P7: 1 | Q7: 0 | R7: 1 | S7: 0 | T7: 2 | U7: 0 | V7: 0 | W7: 0 | X7: 0 | Y7: 0 | Z7: 2 | AA7: 0 | AB7: 0 | AC7: 0 | AD7: 0 | AE7: 0 | AF7: 0 | AG7: 0 | AH7: 1 | AI7: 21 | AJ7: 5193-5194-5195-5196-5198 | AK7: por firma de gestor | AL7: NO | AM7: OK
E8: 16,17,18,19,20 | F8: 83 | G8: =+H8+J8+L8+N8+P8+R8+T8+V8+X8+Z8+AB8+AD8+AF8 -> 27 | H8: 2 | I8: 0 | J8: 5 | K8: 0 | L8: 0 | M8: 0 | N8: 13 | O8: 0 | P8: 1 | Q8: 0 | R8: 2 | S8: 0 | T8: 2 | U8: 0 | V8: 0 | W8: 0 | X8: 2 | Y8: 0 | Z8: 0 | AA8: 0 | AB8: 0 | AC8: 0 | AD8: 0 | AE8: 0 | AF8: 0 | AG8: 0 | AH8: 0 | AI8: 27 | AJ8: 5301-5304-5322-5311-5312 | AK8: por firma de gestor | AL8: NO | AM8: OK
A10: Colegio El Prado Sede Bachillerato | B10: =VLOOKUP(Tabla6[[#This Row],[SEDE]],'Cronog Junio 2026'!B4:C95,2,0) -> Bryan A. Urbano | C10: =VLOOKUP(Tabla6[[#This Row],[SEDE]],'Cronog Junio 2026'!B4:G95,6,0) -> EDUCACION | D10: =VLOOKUP(Tabla6[[#This Row],[SEDE]],'Cronog Junio 2026'!B4:D95,3,0) -> E010010205 | E10: 1,2,3,4,5, | F10: 40 | G10: =+H10+J10+L10+N10+P10+R10+T10+V10+X10+Z10+AB10+AD10+AF10 -> 45 | H10: 11 | I10: 0 | J10: 2 | K10: 0 | L10: 4 | M10: 0 | N10: 11 | O10: 0 | P10: 12 | Q10: 0 | R10: 2 | S10: 0 | T10: 1 | U10: 0 | V10: 0 | W10: 0 | X10: 0 | Y10: 0 | Z10: 0 | AA10: 0 | AB10: 0 | AC10: 0 | AD10: 2 | AE10: 0 | AF10: 0 | AG10: 0 | AH10: 10 | AI10: 35 | AJ10: 4866-5037-4983-5032-5034 | AK10: FIRMADO | AL10: NO | AM10: OK | AN10: BRAYAN ARDILA
E11: 9,10,11,12, | F11: 32 | G11: =+H11+J11+L11+N11+P11+R11+T11+V11+X11+Z11+AB11+AD11+AF11 -> 35 | H11: 7 | I11: 0 | J11: 2 | K11: 0 | L11: 0 | M11: 0 | N11: 8 | O11: 0 | P11: 15 | Q11: 0 | R11: 1 | S11: 0 | T11: 0 | U11: 0 | V11: 0 | W11: 0 | X11: 0 | Y11: 0 | Z11: 0 | AA11: 0 | AB11: 0 | AC11: 0 | AD11: 2 | AE11: 0 | AF11: 0 | AG11: 0 | AH11: 8 | AI11: 27 | AJ11: 5230-5231-5262-5232 | AK11: FIRMADO | AL11: NO | AM11: OK
E12: 16,17,18,19, | F12: 32 | G12: =+H12+J12+L12+N12+P12+R12+T12+V12+X12+Z12+AB12+AD12+AF12 -> 39 | H12: 1 | I12: 0 | J12: 2 | K12: 0 | L12: 0 | M12: 0 | N12: 18 | O12: 0 | P12: 9 | Q12: 0 | R12: 4 | S12: 0 | T12: 5 | U12: 0 | V12: 0 | W12: 0 | X12: 0 | Y12: 0 | Z12: 0 | AA12: 0 | AB12: 0 | AC12: 0 | AD12: 0 | AE12: 0 | AF12: 0 | AG12: 0 | AH12: 6 | AI12: 33 | AJ12: 5252-5253-5254-5286 | AK12: por firma de gestor | AL12: NO | AM12: OK
A14: Ips Comfandi El Prado | B14: =VLOOKUP(Tabla6[[#This Row],[SEDE]],'Cronog Junio 2026'!B5:C96,2,0) -> Bryan A. Urbano | C14: =VLOOKUP(Tabla6[[#This Row],[SEDE]],'Cronog Junio 2026'!B5:G96,6,0) -> SALUD | D14: =VLOOKUP(Tabla6[[#This Row],[SEDE]],'Cronog Junio 2026'!B5:D96,3,0) -> S010010205 | E14: 1,2,3,4,5,6, | F14: 48 | G14: =+H14+J14+L14+N14+P14+R14+T14+V14+X14+Z14+AB14+AD14+AF14 -> 35 | H14: 0 | I14: 0 | J14: 0 | K14: 0 | L14: 0 | M14: 0 | N14: 2 | O14: 0 | P14: 31 | Q14: 0 | R14: 0 | S14: 0 | T14: 0 | U14: 0 | V14: 0 | W14: 0 | X14: 2 | Y14: 0 | Z14: 0 | AA14: 0 | AB14: 0 | AC14: 0 | AD14: 0 | AE14: 0 | AF14: 0 | AG14: 0 | AH14: 13 | AI14: 22 | AJ14: 4921-4985-4986-4987-5076-5077 | AK14: por firma de gestor | AL14: NO | AM14: OK | AN14: ALBEIRO DURAN
E15: 9,10,11,12,13, | F15: 40 | G15: =+H15+J15+L15+N15+P15+R15+T15+V15+X15+Z15+AB15+AD15+AF15 -> 29 | H15: 0 | I15: 0 | J15: 0 | K15: 0 | L15: 0 | M15: 0 | N15: 7 | O15: 0 | P15: 20 | Q15: 0 | R15: 0 | S15: 0 | T15: 0 | U15: 0 | V15: 0 | W15: 0 | X15: 2 | Y15: 0 | Z15: 0 | AA15: 0 | AB15: 0 | AC15: 0 | AD15: 0 | AE15: 0 | AF15: 0 | AG15: 0 | AH15: 8 | AI15: 21 | AJ15: 5119-5177-5178-5179-5180 | AK15: por firma de gestor | AL15: NO | AM15: OK
A17: Centro Campestre Comfandi Arroyohondo | B17: =VLOOKUP(Tabla6[[#This Row],[SEDE]],'Cronog Junio 2026'!B6:C97,2,0) -> Hans Blake Salas Millan | C17: =VLOOKUP(Tabla6[[#This Row],[SEDE]],'Cronog Junio 2026'!B6:G97,6,0) -> RECREACION | D17: =VLOOKUP(Tabla6[[#This Row],[SEDE]],'Cronog Junio 2026'!B6:D97,3,0) -> R010210205 | E17: 1,2,3,4,5,6 | F17: 88 | G17: =+H17+J17+L17+N17+P17+R17+T17+V17+X17+Z17+AB17+AD17+AF17 -> 30 | H17: 11 | I17: 0 | J17: 4 | K17: 0 | L17: 10 | M17: 0 | N17: 0 | O17: 0 | P17: 0 | Q17: 0 | R17: 0 | S17: 0 | T17: 0 | U17: 0 | V17: 0 | W17: 0 | X17: 5 | Y17: 0 | Z17: 0 | AA17: 0 | AB17: 0 | AC17: 0 | AD17: 0 | AE17: 0 | AF17: 0 | AG17: 0 | AH17: 6 | AI17: 24 | AJ17: 5027-5036-5029-5035-5028-5044 | AK17: FIRMADO | AL17: NO | AM17: OK | AN17: HERNANDO NARVAEZ
E18: 9,10,11,12,13, | F18: 71 | G18: =+H18+J18+L18+N18+P18+R18+T18+V18+X18+Z18+AB18+AD18+AF18 -> 22 | H18: 5 | I18: 0 | J18: 4 | K18: 0 | L18: 13 | M18: 0 | N18: 0 | O18: 0 | P18: 0 | Q18: 0 | R18: 0 | S18: 0 | T18: 0 | U18: 0 | V18: 0 | W18: 0 | X18: 0 | Y18: 0 | Z18: 0 | AA18: 0 | AB18: 0 | AC18: 0 | AD18: 0 | AE18: 0 | AF18: 0 | AG18: 0 | AH18: 1 | AI18: 21 | AJ18: 5157-5158-5160-5161-5162 | AK18: FIRMADO | AL18: NO | AM18: OK
E19: 16,17,18,19,20, | F19: 72 | G19: =+H19+J19+L19+N19+P19+R19+T19+V19+X19+Z19+AB19+AD19+AF19 -> 18 | H19: 1 | I19: 0 | J19: 2 | K19: 0 | L19: 13 | M19: 0 | N19: 1 | O19: 0 | P19: 0 | Q19: 0 | R19: 0 | S19: 0 | T19: 1 | U19: 0 | V19: 0 | W19: 0 | X19: 0 | Y19: 0 | Z19: 0 | AA19: 0 | AB19: 0 | AC19: 0 | AD19: 0 | AE19: 0 | AF19: 0 | AG19: 0 | AH19: 10 | AI19: 8 | AJ19: 5310-5316--5319-5323-5324 | AK19: por firma de gestor | AL19: NO | AM19: OK
A21: Colegio Yumbo | B21: =VLOOKUP(Tabla6[[#This Row],[SEDE]],'Cronog Junio 2026'!B7:C98,2,0) -> Hans Blake Salas Millan | C21: =VLOOKUP(Tabla6[[#This Row],[SEDE]],'Cronog Junio 2026'!B7:G98,6,0) -> EDUCACION | D21: =VLOOKUP(Tabla6[[#This Row],[SEDE]],'Cronog Junio 2026'!B7:D98,3,0) -> E010030205 | E21: 1,2,3,4,5, | F21: 80 | G21: =+H21+J21+L21+N21+P21+R21+T21+V21+X21+Z21+AB21+AD21+AF21 -> 14 | H21: 0 | I21: 0 | J21: 0 | K21: 0 | L21: 2 | M21: 0 | N21: 2 | O21: 0 | P21: 1 | Q21: 0 | R21: 2 | S21: 0 | T21: 0 | U21: 0 | V21: 0 | W21: 0 | X21: 2 | Y21: 0 | Z21: 0 | AA21: 0 | AB21: 4 | AC21: 0 | AD21: 1 | AE21: 0 | AF21: 0 | AG21: 0 | AH21: 10 | AI21: 4 | AJ21: 4875-4933-4968-5006-5031 | AK21: FIRMADO | AL21: NO | AM21: OK | AN21: BRAYAN ARDILA
E22: 9,10,11,12,13 | F22: 72 | G22: =+H22+J22+L22+N22+P22+R22+T22+V22+X22+Z22+AB22+AD22+AF22 -> 19 | H22: 4 | I22: 0 | J22: 2 | K22: 0 | L22: 1 | M22: 0 | N22: 4 | O22: 0 | P22: 1 | Q22: 0 | R22: 1 | S22: 0 | T22: 0 | U22: 0 | V22: 0 | W22: 0 | X22: 2 | Y22: 0 | Z22: 0 | AA22: 0 | AB22: 4 | AC22: 0 | AD22: 0 | AE22: 0 | AF22: 0 | AG22: 0 | AH22: 7 | AI22: 12 | AJ22: 5075-5149-5159-5169-5167 | AK22: FIRMADO | AL22: NO | AM22: OK
E23: 16,17,18,19,20, | F23: 72.6 | G23: =+H23+J23+L23+N23+P23+R23+T23+V23+X23+Z23+AB23+AD23+AF23 -> 22 | H23: 3 | I23: 0 | J23: 1 | K23: 0 | L23: 3 | M23: 0 | N23: 9 | O23: 0 | P23: 0 | Q23: 0 | R23: 2 | S23: 0 | T23: 0 | U23: 0 | V23: 0 | W23: 0 | X23: 0 | Y23: 0 | Z23: 0 | AA23: 0 | AB23: 4 | AC23: 0 | AD23: 0 | AE23: 0 | AF23: 0 | AG23: 0 | AH23: 3 | AI23: 19 | AJ23: 5206-5335-5336-5341-5342 | AK23: por firma de gestor | AL23: NO | AM23: no
A25: Ips Comfandi Torres | B25: =VLOOKUP(Tabla6[[#This Row],[SEDE]],'Cronog Junio 2026'!B8:C99,2,0) -> Hans Blake Salas Millan | C25: =VLOOKUP(Tabla6[[#This Row],[SEDE]],'Cronog Junio 2026'!B8:G99,6,0) -> SALUD | D25: =VLOOKUP(Tabla6[[#This Row],[SEDE]],'Cronog Junio 2026'!B8:D99,3,0) -> S010140205 | E25: 1,2,3,4,5,6, | F25: 44 | G25: =+H25+J25+L25+N25+P25+R25+T25+V25+X25+Z25+AB25+AD25+AF25 -> 32 | H25: 0 | I25: 0 | J25: 0 | K25: 0 | L25: 17 | M25: 0 | N25: 1 | O25: 0 | P25: 9 | Q25: 0 | R25: 0 | S25: 0 | T25: 1 | U25: 0 | V25: 0 | W25: 0 | X25: 4 | Y25: 0 | Z25: 0 | AA25: 0 | AB25: 0 | AC25: 0 | AD25: 0 | AE25: 0 | AF25: 0 | AG25: 0 | AH25: 16 | AI25: 16 | AJ25: 4891-4980-4082-4984-5069-5084 | AK25: FIRMADO | AL25: NO | AM25: OK | AN25: ALBEIRO DURAN
E26: 9,10,11,12,13, | F26: 36 | G26: =+H26+J26+L26+N26+P26+R26+T26+V26+X26+Z26+AB26+AD26+AF26 -> 24 | H26: 1 | I26: 0 | J26: 1 | K26: 0 | L26: 13 | M26: 0 | N26: 2 | O26: 0 | P26: 6 | Q26: 0 | R26: 0 | S26: 0 | T26: 0 | U26: 0 | V26: 0 | W26: 0 | X26: 1 | Y26: 0 | Z26: 0 | AA26: 0 | AB26: 0 | AC26: 0 | AD26: 0 | AE26: 0 | AF26: 0 | AG26: 0 | AH26: 8 | AI26: 16 | AJ26: 5058-5101-5138-5140 | AK26: FIRMADO | AL26: NO | AM26: OK
E27: 16,17,18,19,20, | F27: 36 | G27: =+H27+J27+L27+N27+P27+R27+T27+V27+X27+Z27+AB27+AD27+AF27 -> 28 | H27: 1 | I27: 0 | J27: 2 | K27: 0 | L27: 17 | M27: 0 | N27: 0 | O27: 0 | P27: 8 | Q27: 0 | R27: 0 | S27: 0 | T27: 0 | U27: 0 | V27: 0 | W27: 0 | X27: 0 | Y27: 0 | Z27: 0 | AA27: 0 | AB27: 0 | AC27: 0 | AD27: 0 | AE27: 0 | AF27: 0 | AG27: 0 | AH27: 11 | AI27: 17 | AJ27: 5226-5227-5270-5283-5285 | AK27: FIRMADO | AL27: NO | AM27: OK
A28: Drogueria Av. 6 La Flora 2 | B28: =VLOOKUP(Tabla6[[#This Row],[SEDE]],'Cronog Junio 2026'!B9:C100,2,0) -> Hans Blake Salas Millan | C28: =VLOOKUP(Tabla6[[#This Row],[SEDE]],'Cronog Junio 2026'!B9:G100,6,0) -> MERCADEO | D28: =VLOOKUP(Tabla6[[#This Row],[SEDE]],'Cronog Junio 2026'!B9:D100,3,0) -> M012070213 | AN28: CESAR FRANCO
A29: Drogueria Av. Sexta | B29: =VLOOKUP(Tabla6[[#This Row],[SEDE]],'Cronog Junio 2026'!B10:C101,2,0) -> Hans Blake Salas Millan | C29: =VLOOKUP(Tabla6[[#This Row],[SEDE]],'Cronog Junio 2026'!B10:G101,6,0) -> MERCADEO | D29: =VLOOKUP(Tabla6[[#This Row],[SEDE]],'Cronog Junio 2026'!B10:D101,3,0) -> M010360213 | G29: =+H29+J29+L29+N29+P29+R29+T29+V29+X29+Z29+AB29+AD29+AF29 -> 0 | AN29: CESAR FRANCO
A30: Droguería Centenario | B30: =VLOOKUP(Tabla6[[#This Row],[SEDE]],'Cronog Junio 2026'!B11:C102,2,0) -> Bryan A. Urbano | C30: =VLOOKUP(Tabla6[[#This Row],[SEDE]],'Cronog Junio 2026'!B11:G102,6,0) -> MERCADEO | D30: =VLOOKUP(Tabla6[[#This Row],[SEDE]],'Cronog Junio 2026'!B11:D102,3,0) -> M011410213 | G30: =+H30+J30+L30+N30+P30+R30+T30+V30+X30+Z30+AB30+AD30+AF30 -> 0 | AN30: CESAR FRANCO
A31: Drogueria Chipichape | B31: =VLOOKUP(Tabla6[[#This Row],[SEDE]],'Cronog Junio 2026'!B12:C103,2,0) -> Hans Blake Salas Millan | C31: =VLOOKUP(Tabla6[[#This Row],[SEDE]],'Cronog Junio 2026'!B12:G103,6,0) -> MERCADEO | D31: =VLOOKUP(Tabla6[[#This Row],[SEDE]],'Cronog Junio 2026'!B12:D103,3,0) -> M011680213 | G31: =+H31+J31+L31+N31+P31+R31+T31+V31+X31+Z31+AB31+AD31+AF31 -> 0 | AN31: CESAR FRANCO
A32: Drogueria Clinica de Occidente | B32: =VLOOKUP(Tabla6[[#This Row],[SEDE]],'Cronog Junio 2026'!B13:C104,2,0) -> Bryan A. Urbano | C32: =VLOOKUP(Tabla6[[#This Row],[SEDE]],'Cronog Junio 2026'!B13:G104,6,0) -> MERCADEO | D32: =VLOOKUP(Tabla6[[#This Row],[SEDE]],'Cronog Junio 2026'!B13:D104,3,0) -> M011930213 | G32: =+H32+J32+L32+N32+P32+R32+T32+V32+X32+Z32+AB32+AD32+AF32 -> 0 | AN32: CESAR FRANCO
A33: Drogueria Clinica Remedios | B33: =VLOOKUP(Tabla6[[#This Row],[SEDE]],'Cronog Junio 2026'!B14:C105,2,0) -> Bryan A. Urbano | C33: =VLOOKUP(Tabla6[[#This Row],[SEDE]],'Cronog Junio 2026'!B14:G105,6,0) -> MERCADEO | D33: =VLOOKUP(Tabla6[[#This Row],[SEDE]],'Cronog Junio 2026'!B14:D105,3,0) -> M010410213 | G33: =+H33+J33+L33+N33+P33+R33+T33+V33+X33+Z33+AB33+AD33+AF33 -> 0 | AN33: CESAR FRANCO
A34: Drogueria El Prado | B34: =VLOOKUP(Tabla6[[#This Row],[SEDE]],'Cronog Junio 2026'!B15:C106,2,0) -> Bryan A. Urbano | C34: =VLOOKUP(Tabla6[[#This Row],[SEDE]],'Cronog Junio 2026'!B15:G106,6,0) -> MERCADEO | D34: =VLOOKUP(Tabla6[[#This Row],[SEDE]],'Cronog Junio 2026'!B15:D106,3,0) -> M010321701 | G34: =+H34+J34+L34+N34+P34+R34+T34+V34+X34+Z34+AB34+AD34+AF34 -> 0 | AN34: CESAR FRANCO
A35: Drogueria La Flora | B35: =VLOOKUP(Tabla6[[#This Row],[SEDE]],'Cronog Junio 2026'!B16:C107,2,0) -> Hans Blake Salas Millan | C35: =VLOOKUP(Tabla6[[#This Row],[SEDE]],'Cronog Junio 2026'!B16:G107,6,0) -> MERCADEO | D35: =VLOOKUP(Tabla6[[#This Row],[SEDE]],'Cronog Junio 2026'!B16:D107,3,0) -> M011080213 | G35: =+H35+J35+L35+N35+P35+R35+T35+V35+X35+Z35+AB35+AD35+AF35 -> 0 | AN35: CESAR FRANCO
A36: Ips Comfandi Yumbo | B36: =VLOOKUP(Tabla6[[#This Row],[SEDE]],'Cronog Junio 2026'!B17:C108,2,0) -> Hans Blake Salas Millan | C36: =VLOOKUP(Tabla6[[#This Row],[SEDE]],'Cronog Junio 2026'!B17:G108,6,0) -> SALUD | D36: =VLOOKUP(Tabla6[[#This Row],[SEDE]],'Cronog Junio 2026'!B17:D108,3,0) -> S010030205 | E36: 1,2,3,4,5,6,9,10,11, | F36: 136 | G36: =+H36+J36+L36+N36+P36+R36+T36+V36+X36+Z36+AB36+AD36+AF36 -> 38 | H36: 5 | I36: 0 | J36: 6 | K36: 0 | L36: 9 | M36: 0 | N36: 1 | O36: 0 | P36: 0 | Q36: 0 | R36: 4 | S36: 0 | T36: 1 | U36: 0 | V36: 1 | W36: 0 | X36: 11 | Y36: 0 | Z36: 0 | AA36: 0 | AB36: 0 | AC36: 0 | AD36: 0 | AE36: 0 | AF36: 0 | AG36: 0 | AH36: 23 | AI36: 15 | AJ36: 5046-5050-5051-5056-5057-5059-5098-5114-5117 | AK36: por firma de gestor | AL36: NO | AM36: OK | AN36: ALBEIRO DURAN
A37: Colegio Municipal | B37: =VLOOKUP(Tabla6[[#This Row],[SEDE]],'Cronog Junio 2026'!B18:C109,2,0) -> Bryan A. Urbano | C37: =VLOOKUP(Tabla6[[#This Row],[SEDE]],'Cronog Junio 2026'!B18:G109,6,0) -> EDUCACION | D37: =VLOOKUP(Tabla6[[#This Row],[SEDE]],'Cronog Junio 2026'!B18:D109,3,0) -> E010600205 | E37: 12,13,16,17,18,19,20, | F37: 96 | G37: 30 | H37: 3 | I37: 0 | J37: 8 | K37: 0 | L37: 6 | M37: 0 | N37: 2 | O37: 0 | P37: 1 | Q37: 0 | R37: 5 | S37: 0 | T37: 0 | U37: 0 | V37: 1 | W37: 0 | X37: 2 | Y37: 0 | Z37: 0 | AA37: 0 | AB37: 1 | AC37: 0 | AD37: 1 | AE37: 0 | AF37: 0 | AG37: 0 | AH37: 19 | AI37: 11 | AJ37: 5368-5370-5373-5383-5387-5389-5391 | AK37: por firma de gestor | AL37: NO | AM37: no | AN37: BRAYAN ARDILA
A38: Colegio Las Delicias | B38: =VLOOKUP(Tabla6[[#This Row],[SEDE]],'Cronog Junio 2026'!B19:C110,2,0) -> Bryan A. Urbano | C38: =VLOOKUP(Tabla6[[#This Row],[SEDE]],'Cronog Junio 2026'!B19:G110,6,0) -> EDUCACION | D38: =VLOOKUP(Tabla6[[#This Row],[SEDE]],'Cronog Junio 2026'!B19:D110,3,0) -> E010190205 | G38: =+H38+J38+L38+N38+P38+R38+T38+V38+X38+Z38+AB38+AD38+AF38 -> 0 | AN38: BRAYAN ARDILA
A39: Ips Comfandi Alameda | B39: =VLOOKUP(Tabla6[[#This Row],[SEDE]],'Cronog Junio 2026'!B20:C111,2,0) -> Bryan A. Urbano | C39: =VLOOKUP(Tabla6[[#This Row],[SEDE]],'Cronog Junio 2026'!B20:G111,6,0) -> SALUD | D39: =VLOOKUP(Tabla6[[#This Row],[SEDE]],'Cronog Junio 2026'!B20:D111,3,0) -> S010080205 | E39: 1,2,3,4,5,6,9,10,11, | F39: 136 | G39: 48 | H39: 11 | I39: 0 | J39: 8 | K39: 0 | L39: 6 | M39: 0 | N39: 3 | O39: 0 | P39: 1 | Q39: 0 | R39: 5 | S39: 0 | T39: 1 | U39: 0 | V39: 2 | W39: 0 | X39: 6 | Y39: 0 | Z39: 0 | AA39: 0 | AB39: 2 | AC39: 0 | AD39: 3 | AE39: 0 | AF39: 0 | AG39: 0 | AH39: 13 | AI39: 35 | AJ39: 4968-4922-4968-4988-5011-5013-5078-5102-5120 | AK39: por firma de gestor | AL39: NO | AM39: OK | AN39: ALBEIRO DURAN
A40: Colegio Miraflores Sede Bachillerato | B40: =VLOOKUP(Tabla6[[#This Row],[SEDE]],'Cronog Junio 2026'!B21:C112,2,0) -> Bryan A. Urbano | C40: =VLOOKUP(Tabla6[[#This Row],[SEDE]],'Cronog Junio 2026'!B21:G112,6,0) -> EDUCACION | D40: =VLOOKUP(Tabla6[[#This Row],[SEDE]],'Cronog Junio 2026'!B21:D112,3,0) -> E010620205 | G40: =+H40+J40+L40+N40+P40+R40+T40+V40+X40+Z40+AB40+AD40+AF40 -> 0 | AN40: BRAYAN ARDILA
A41: Campus E Centro | B41: =VLOOKUP(Tabla6[[#This Row],[SEDE]],'Cronog Junio 2026'!B22:C113,2,0) -> Bryan A. Urbano | C41: =VLOOKUP(Tabla6[[#This Row],[SEDE]],'Cronog Junio 2026'!B22:G113,6,0) -> EDUCACION | D41: =VLOOKUP(Tabla6[[#This Row],[SEDE]],'Cronog Junio 2026'!B22:D113,3,0) -> E010050205 | E41: 1,2,3,4,5,6,9,10,11, | F41: 136 | G41: 39 | H41: 8 | I41: 0 | J41: 8 | K41: 0 | L41: 5 | M41: 0 | N41: 6 | O41: 0 | P41: 2 | Q41: 0 | R41: 4 | S41: 0 | T41: 1 | U41: 0 | V41: 1 | W41: 0 | X41: 3 | Y41: 0 | Z41: 0 | AA41: 0 | AB41: 1 | AC41: 0 | AD41: 0 | AE41: 0 | AF41: 0 | AG41: 0 | AH41: 16 | AI41: 23 | AJ41: 4936-4955-49814-5005-5112-5113-5259-5260-5261 | AK41: por firma de gestor | AL41: NO | AM41: OK | AN41: BRAYAN ARDILA
A42: Campus E Centro (Fomento Piso 3) | B42: =VLOOKUP(Tabla6[[#This Row],[SEDE]],'Cronog Junio 2026'!B23:C114,2,0) -> Bryan A. Urbano | C42: =VLOOKUP(Tabla6[[#This Row],[SEDE]],'Cronog Junio 2026'!B23:G114,6,0) -> EDUCACION | D42: =VLOOKUP(Tabla6[[#This Row],[SEDE]],'Cronog Junio 2026'!B23:D114,3,0) -> E010050205 | E42: 12;13, | F42: 24 | G42: 5 | H42: 0 | I42: 0 | J42: 0 | K42: 0 | L42: 0 | M42: 0 | N42: 0 | O42: 0 | P42: 1 | Q42: 0 | R42: 0 | S42: 0 | T42: 1 | U42: 0 | V42: 0 | W42: 0 | X42: 3 | Y42: 0 | Z42: 0 | AA42: 0 | AB42: 0 | AC42: 0 | AD42: 0 | AE42: 0 | AF42: 0 | AG42: 0 | AH42: 4 | AI42: 1 | AJ42: 5262-5263 | AK42: por firma de gestor | AL42: NO | AM42: no | AN42: BRAYAN ARDILA
A43: Colegio Calipso | B43: =VLOOKUP(Tabla6[[#This Row],[SEDE]],'Cronog Junio 2026'!B24:C115,2,0) -> Bryan A. Urbano | C43: =VLOOKUP(Tabla6[[#This Row],[SEDE]],'Cronog Junio 2026'!B24:G115,6,0) -> EDUCACION | D43: =VLOOKUP(Tabla6[[#This Row],[SEDE]],'Cronog Junio 2026'!B24:D115,3,0) -> E010020205 | E43: 16,17,18,19,20,22, | F43: 88 | G43: =+H43+J43+L43+N43+P43+R43+T43+V43+X43+Z43+AB43+AD43+AF43 -> 29 | H43: 3 | I43: 0 | J43: 4 | K43: 0 | L43: 5 | M43: 0 | N43: 0 | O43: 0 | P43: 3 | Q43: 0 | R43: 10 | S43: 0 | T43: 0 | U43: 0 | V43: 1 | W43: 0 | X43: 2 | Y43: 0 | Z43: 0 | AA43: 0 | AB43: 1 | AC43: 0 | AD43: 0 | AE43: 0 | AF43: 0 | AG43: 0 | AH43: 14 | AI43: 15 | AJ43: 5266-5267-5269-5273-5327-5329 | AK43: por firma de gestor | AL43: NO | AM43: no | AN43: BRAYAN ARDILA
A44: Colegio San Nicolas - Biblioteca - Auditorio | B44: =VLOOKUP(Tabla6[[#This Row],[SEDE]],'Cronog Junio 2026'!B25:C116,2,0) -> Bryan A. Urbano | C44: =VLOOKUP(Tabla6[[#This Row],[SEDE]],'Cronog Junio 2026'!B25:G116,6,0) -> EDUCACION | D44: =VLOOKUP(Tabla6[[#This Row],[SEDE]],'Cronog Junio 2026'!B25:D116,3,0) -> E010040205 | E44: 1,2,3,4,5,6,9,10,11, | F44: 136 | G44: =+H44+J44+L44+N44+P44+R44+T44+V44+X44+Z44+AB44+AD44+AF44 -> 55 | H44: 6 | I44: 0 | J44: 4 | K44: 0 | L44: 4 | M44: 0 | N44: 3 | O44: 0 | P44: 0 | Q44: 0 | R44: 9 | S44: 0 | T44: 3 | U44: 0 | V44: 8 | W44: 0 | X44: 5 | Y44: 0 | Z44: 3 | AA44: 0 | AB44: 8 | AC44: 0 | AD44: 2 | AE44: 0 | AF44: 0 | AG44: 0 | AH44: 25 | AI44: 30 | AJ44: 5174-5175-5191-5203-5213-5216-5218-5220-5221 | AK44: por firma de gestor | AL44: NO | AM44: no | AN44: BRAYAN ARDILA
A45: Ips Comfandi San Nicolas | B45: =VLOOKUP(Tabla6[[#This Row],[SEDE]],'Cronog Junio 2026'!B26:C117,2,0) -> Bryan A. Urbano | C45: =VLOOKUP(Tabla6[[#This Row],[SEDE]],'Cronog Junio 2026'!B26:G117,6,0) -> SALUD | D45: =VLOOKUP(Tabla6[[#This Row],[SEDE]],'Cronog Junio 2026'!B26:D117,3,0) -> S010160205 | G45: =+H45+J45+L45+N45+P45+R45+T45+V45+X45+Z45+AB45+AD45+AF45 -> 0 | AN45: ALBEIRO DURAN
A46: IETDH San Nicolas | B46: =VLOOKUP(Tabla6[[#This Row],[SEDE]],'Cronog Junio 2026'!B27:C118,2,0) -> Bryan A. Urbano | C46: =VLOOKUP(Tabla6[[#This Row],[SEDE]],'Cronog Junio 2026'!B27:G118,6,0) -> EDUCACION | D46: =VLOOKUP(Tabla6[[#This Row],[SEDE]],'Cronog Junio 2026'!B27:D118,3,0) -> E010046105 | E46: 12,13,16,17,18,19,20,22,23,24, | F46: 144 | G46: =+H46+J46+L46+N46+P46+R46+T46+V46+X46+Z46+AB46+AD46+AF46 -> 58 | H46: 7 | I46: 0 | J46: 17 | K46: 0 | L46: 12 | M46: 0 | N46: 0 | O46: 0 | P46: 1 | Q46: 0 | R46: 5 | S46: 0 | T46: 4 | U46: 0 | V46: 2 | W46: 0 | X46: 3 | Y46: 0 | Z46: 0 | AA46: 0 | AB46: 6 | AC46: 0 | AD46: 1 | AE46: 0 | AF46: 0 | AG46: 0 | AH46: 27 | AI46: 31 | AJ46: 5339-4343-4371-5372-5374-5375-5385-5386-5388-5390 | AK46: por firma de gestor | AL46: NO | AM46: no | AN46: BRAYAN ARDILA
A47: Colegio El Prado Sede Bachillerato (Móvil) | B47: =VLOOKUP(Tabla6[[#This Row],[SEDE]],'Cronog Junio 2026'!B28:C119,2,0) -> Bryan A. Urbano | C47: =VLOOKUP(Tabla6[[#This Row],[SEDE]],'Cronog Junio 2026'!B28:G119,6,0) -> EDUCACION | D47: =VLOOKUP(Tabla6[[#This Row],[SEDE]],'Cronog Junio 2026'!B28:D119,3,0) -> E010010205 | G47: =+H47+J47+L47+N47+P47+R47+T47+V47+X47+Z47+AB47+AD47+AF47 -> 0 | AN47: BRAYAN ARDILA
G48: =+H48+J48+L48+N48+R48+T48+V48+X48+Z48+AB48+AD48+AF48 -> 0
A49: Centro Campestre Comfandi Pance | B49: =VLOOKUP(Tabla6[[#This Row],[SEDE]],'Cronog Junio 2026'!B29:C120,2,0) -> Andres Carrillo | C49: =VLOOKUP(Tabla6[[#This Row],[SEDE]],'Cronog Junio 2026'!B29:G120,6,0) -> RECREACION | D49: =VLOOKUP(Tabla6[[#This Row],[SEDE]],'Cronog Junio 2026'!B29:D120,3,0) -> R010250205 | E49: 1,2,3,4,5,6, | F49: 176 | G49: =+H49+J49+L49+N49+P49+R49+T49+V49+X49+Z49+AB49+AD49+AF49 -> 22 | H49: 3 | I49: 0 | J49: 8 | K49: 0 | L49: 5 | M49: 0 | N49: 1 | O49: 0 | P49: 1 | Q49: 0 | R49: 3 | S49: 0 | T49: 0 | U49: 0 | V49: 0 | W49: 0 | X49: 1 | Y49: 0 | Z49: 0 | AA49: 0 | AB49: 0 | AC49: 0 | AD49: 0 | AE49: 0 | AF49: 0 | AG49: 0 | AH49: 15 | AI49: 7 | AJ49: 5045-5048-5052-5055-5065-5066 | AK49: FIRMADO | AL49: NO | AM49: OK | AN49: HERNANDO NARVAEZ
E50: 9,10,11,12,13, | F50: 160 | G50: =+H50+J50+L50+N50+P50+R50+T50+V50+X50+Z50+AB50+AD50+AF50 -> 19 | H50: 0 | I50: 0 | J50: 5 | K50: 0 | L50: 2 | M50: 0 | N50: 5 | O50: 0 | P50: 0 | Q50: 0 | R50: 4 | S50: 0 | T50: 0 | U50: 0 | V50: 0 | W50: 0 | X50: 1 | Y50: 0 | Z50: 1 | AA50: 0 | AB50: 1 | AC50: 0 | AD50: 0 | AE50: 0 | AF50: 0 | AG50: 0 | AH50: 15 | AI50: 4 | AJ50: 5183-5185-5199-5200-5201 | AK50: FIRMADO | AL50: NO | AM50: OK
E51: 16,17,18,19,20, | F51: 160 | G51: =+H51+J51+L51+N51+P51+R51+T51+V51+X51+Z51+AB51+AD51+AF51 -> 16 | H51: 4 | I51: 0 | J51: 2 | K51: 0 | L51: 8 | M51: 0 | N51: 2 | O51: 0 | P51: 0 | Q51: 0 | R51: 0 | S51: 0 | T51: 0 | U51: 0 | V51: 0 | W51: 0 | X51: 0 | Y51: 0 | Z51: 0 | AA51: 0 | AB51: 0 | AC51: 0 | AD51: 0 | AE51: 0 | AF51: 0 | AG51: 0 | AH51: 13 | AI51: 3 | AJ51: 5309-5320-5321-5326-5328 | AK51: FIRMADO | AL51: NO | AM51: OK
F52: =F49+F50+F51 -> 496 | G52: =G49+G50+G51 -> 57 | H52: =H49+H50+H51 -> 7 | I52: =I49+I50+I51 -> 0 | J52: =J49+J50+J51 -> 15 | K52: =K49+K50+K51 -> 0 | L52: =L49+L50+L51 -> 15 | M52: =M49+M50+M51 -> 0 | ... AI52: =AI49+AI50+AI51 -> 14
A53: Clinica Comfandi Tequendama | B53: =VLOOKUP(Tabla6[[#This Row],[SEDE]],'Cronog Junio 2026'!B30:C121,2,0) -> Andres Carrillo | C53: =VLOOKUP(Tabla6[[#This Row],[SEDE]],'Cronog Junio 2026'!B30:G121,6,0) -> SALUD | D53: =VLOOKUP(Tabla6[[#This Row],[SEDE]],'Cronog Junio 2026'!B30:D121,3,0) -> S010120205 | E53: 1,2,3,4,5, | F53: 135 | G53: =+H53+J53+L53+N53+P53+R53+T53+V53+X53+Z53+AB53+AD53+AF53 -> 27 | H53: 2 | I53: 0 | J53: 3 | K53: 0 | L53: 1 | M53: 0 | N53: 8 | O53: 0 | P53: 9 | Q53: 0 | R53: 0 | S53: 0 | T53: 1 | U53: 0 | V53: 0 | W53: 0 | X53: 2 | Y53: 0 | Z53: 0 | AA53: 0 | AB53: 0 | AC53: 0 | AD53: 1 | AE53: 0 | AF53: 0 | AG53: 0 | AH53: 8 | AI53: 19 | AJ53: 5043-5047-5067-5068-5070 | AK53: FIRMADO | AL53: OK | AM53: OK | AN53: YULIETH PULICHE
E54: 6,9,10,11,12,13, | F54: 133.8 | G54: =+H54+J54+L54+N54+P54+R54+T54+V54+X54+Z54+AB54+AD54+AF54 -> 32 | H54: 1 | I54: 0 | J54: 5 | K54: 0 | L54: 2 | M54: 0 | N54: 10 | O54: 0 | P54: 10 | Q54: 0 | R54: 1 | S54: 0 | T54: 1 | U54: 0 | V54: 0 | W54: 0 | X54: 1 | Y54: 0 | Z54: 0 | AA54: 0 | AB54: 0 | AC54: 0 | AD54: 1 | AE54: 0 | AF54: 0 | AG54: 0 | AH54: 8 | AI54: 24 | AJ54: 5081-5217-5219-5222-5224-5225 | AK54: FIRMADO | AL54: OK | AM54: OK
E55: 16,17,18,19,20, | F55: 123 | G55: =+H55+J55+L55+N55+P55+R55+T55+V55+X55+Z55+AB55+AD55+AF55 -> 25 | H55: 1 | I55: 0 | J55: 3 | K55: 0 | L55: 3 | M55: 0 | N55: 7 | O55: 0 | P55: 8 | Q55: 0 | R55: 0 | S55: 0 | T55: 1 | U55: 0 | V55: 0 | W55: 0 | X55: 0 | Y55: 0 | Z55: 2 | AA55: 0 | AB55: 0 | AC55: 0 | AD55: 0 | AE55: 0 | AF55: 0 | AG55: 0 | AH55: 7 | AI55: 18 | AJ55: 5332-5333-5334-5367-5366 | AK55: FIRMADO | AL55: no | AM55: no
A57: Laboratorio Especializado | B57: =VLOOKUP(Tabla6[[#This Row],[SEDE]],'Cronog Junio 2026'!B31:C122,2,0) -> Andres Carrillo | C57: =VLOOKUP(Tabla6[[#This Row],[SEDE]],'Cronog Junio 2026'!B31:G122,6,0) -> SALUD | D57: =VLOOKUP(Tabla6[[#This Row],[SEDE]],'Cronog Junio 2026'!B31:D122,3,0) -> S010160205 | E57: 18,19,20, | F57: 40 | G57: =+H57+J57+L57+N57+P57+R57+T57+V57+X57+Z57+AB57+AD57+AF57 -> 14 | H57: 1 | I57: 0 | J57: 1 | K57: 0 | L57: 1 | M57: 0 | N57: 2 | O57: 0 | P57: 0 | Q57: 0 | R57: 0 | S57: 0 | T57: 2 | U57: 0 | V57: 0 | W57: 0 | X57: 7 | Y57: 0 | Z57: 0 | AA57: 0 | AB57: 0 | AC57: 0 | AD57: 0 | AE57: 0 | AF57: 0 | AG57: 0 | AH57: 7 | AI57: 7 | AJ57: 5264-5364-5363 | AK57: por firma de gestor | AL57: NO | AM57: no | AN57: ALBEIRO DURAN
A58: Drogueria Cañas Gordas | B58: =VLOOKUP(Tabla6[[#This Row],[SEDE]],'Cronog Junio 2026'!B32:C123,2,0) -> Andres Carrillo | C58: =VLOOKUP(Tabla6[[#This Row],[SEDE]],'Cronog Junio 2026'!B32:G123,6,0) -> MERCADEO | D58: =VLOOKUP(Tabla6[[#This Row],[SEDE]],'Cronog Junio 2026'!B32:D123,3,0) -> M011501701 | E58: 4 | F58: 16 | G58: =+H58+J58+L58+N58+P58+R58+T58+V58+X58+Z58+AB58+AD58+AF58 -> 10 | H58: 2 | I58: 0 | J58: 2 | K58: 0 | L58: 2 | M58: 0 | N58: 0 | O58: 0 | P58: 0 | Q58: 0 | R58: 0 | S58: 0 | T58: 3 | U58: 0 | V58: 1 | W58: 0 | X58: 0 | Y58: 0 | Z58: 0 | AA58: 0 | AB58: 0 | AC58: 0 | AD58: 0 | AE58: 0 | AF58: 0 | AG58: 0 | AH58: 6 | AI58: 4 | AJ58: 4492 | AK58: por firma de gestor | AL58: NO | AM58: OK | AN58: CESAR FRANCO
A59: Droguería Cañaveralejo | B59: =VLOOKUP(Tabla6[[#This Row],[SEDE]],'Cronog Junio 2026'!B33:C124,2,0) -> Andres Carrillo | C59: =VLOOKUP(Tabla6[[#This Row],[SEDE]],'Cronog Junio 2026'!B33:G124,6,0) -> MERCADEO | D59: =VLOOKUP(Tabla6[[#This Row],[SEDE]],'Cronog Junio 2026'!B33:D124,3,0) -> M011360213 | E59: 16 | F59: 16 | G59: =+H59+J59+L59+N59+P59+R59+T59+V59+X59+Z59+AB59+AD59+AF59 -> 11 | H59: 1 | I59: 0 | J59: 2 | K59: 0 | L59: 1 | M59: 0 | N59: 0 | O59: 0 | P59: 0 | Q59: 0 | R59: 0 | S59: 0 | T59: 2 | U59: 0 | V59: 4 | W59: 0 | X59: 1 | Y59: 0 | Z59: 0 | AA59: 0 | AB59: 0 | AC59: 0 | AD59: 0 | AE59: 0 | AF59: 0 | AG59: 0 | AH59: 8 | AI59: 3 | AJ59: 5129 | AK59: por firma de gestor | AL59: NO | AM59: OK | AN59: CESAR FRANCO
A60: Drogueria Cerros Plaza | B60: =VLOOKUP(Tabla6[[#This Row],[SEDE]],'Cronog Junio 2026'!B34:C125,2,0) -> Andres Carrillo | C60: =VLOOKUP(Tabla6[[#This Row],[SEDE]],'Cronog Junio 2026'!B34:G125,6,0) -> MERCADEO | D60: =VLOOKUP(Tabla6[[#This Row],[SEDE]],'Cronog Junio 2026'!B34:D125,3,0) -> M011610213 | E60: 5 | F60: 24 | G60: =+H60+J60+L60+N60+P60+R60+T60+V60+X60+Z60+AB60+AD60+AF60 -> 10 | H60: 1 | I60: 0 | J60: 3 | K60: 0 | L60: 2 | M60: 0 | N60: 0 | O60: 0 | P60: 0 | Q60: 0 | R60: 0 | S60: 0 | T60: 2 | U60: 0 | V60: 0 | W60: 0 | X60: 2 | Y60: 0 | Z60: 0 | AA60: 0 | AB60: 0 | AC60: 0 | AD60: 0 | AE60: 0 | AF60: 0 | AG60: 0 | AH60: 7 | AI60: 3 | AJ60: 5074 | AK60: por firma de gestor | AL60: NO | AM60: OK | AN60: CESAR FRANCO
A61: Drogueria Clinica Vida | B61: =VLOOKUP(Tabla6[[#This Row],[SEDE]],'Cronog Junio 2026'!B35:C126,2,0) -> Andres Carrillo | C61: =VLOOKUP(Tabla6[[#This Row],[SEDE]],'Cronog Junio 2026'!B35:G126,6,0) -> MERCADEO | D61: =VLOOKUP(Tabla6[[#This Row],[SEDE]],'Cronog Junio 2026'!B35:D126,3,0) -> M012220213 | E61: 19 | F61: 16 | G61: =+H61+J61+L61+N61+P61+R61+T61+V61+X61+Z61+AB61+AD61+AF61 -> 7 | H61: 1 | I61: 0 | J61: 1 | K61: 0 | L61: 1 | M61: 0 | N61: 0 | O61: 0 | P61: 0 | Q61: 0 | R61: 0 | S61: 0 | T61: 2 | U61: 0 | V61: 2 | W61: 0 | X61: 0 | Y61: 0 | Z61: 0 | AA61: 0 | AB61: 0 | AC61: 0 | AD61: 0 | AE61: 0 | AF61: 0 | AG61: 0 | AH61: 5 | AI61: 2 | AJ61: 5235 | AK61: FIRMADO | AL61: NO | AM61: OK | AN61: CESAR FRANCO
A62: Drogueria Cll 25 EDS Caney | B62: =VLOOKUP(Tabla6[[#This Row],[SEDE]],'Cronog Junio 2026'!B36:C127,2,0) -> Andres Carrillo | C62: =VLOOKUP(Tabla6[[#This Row],[SEDE]],'Cronog Junio 2026'!B36:G127,6,0) -> MERCADEO | D62: =VLOOKUP(Tabla6[[#This Row],[SEDE]],'Cronog Junio 2026'!B36:D127,3,0) -> M011900213 | E62: 4 | F62: 16 | G62: =+H62+J62+L62+N62+P62+R62+T62+V62+X62+Z62+AB62+AD62+AF62 -> 5 | H62: 1 | I62: 0 | J62: 1 | K62: 0 | L62: 0 | M62: 0 | N62: 0 | O62: 0 | P62: 0 | Q62: 0 | R62: 0 | S62: 0 | T62: 3 | U62: 0 | V62: 0 | W62: 0 | X62: 0 | Y62: 0 | Z62: 0 | AA62: 0 | AB62: 0 | AC62: 0 | AD62: 0 | AE62: 0 | AF62: 0 | AG62: 0 | AH62: 3 | AI62: 2 | AJ62: 4979 | AK62: por firma de gestor | AL62: NO | AM62: OK | AN62: CESAR FRANCO
A63: Drogueria Morichal | B63: =VLOOKUP(Tabla6[[#This Row],[SEDE]],'Cronog Junio 2026'!B37:C128,2,0) -> Andres Carrillo | C63: =VLOOKUP(Tabla6[[#This Row],[SEDE]],'Cronog Junio 2026'!B37:G128,6,0) -> MERCADEO | D63: =VLOOKUP(Tabla6[[#This Row],[SEDE]],'Cronog Junio 2026'!B37:D128,3,0) -> M010111701 | E63: 9 | F63: 16 | G63: =+H63+J63+L63+N63+P63+R63+T63+V63+X63+Z63+AB63+AD63+AF63 -> 6 | H63: 0 | I63: 0 | J63: 2 | K63: 0 | L63: 0 | M63: 0 | N63: 0 | O63: 0 | P63: 0 | Q63: 0 | R63: 0 | S63: 0 | T63: 2 | U63: 0 | V63: 1 | W63: 0 | X63: 1 | Y63: 0 | Z63: 0 | AA63: 0 | AB63: 0 | AC63: 0 | AD63: 0 | AE63: 0 | AF63: 0 | AG63: 0 | AH63: 4 | AI63: 2 | AJ63: 5030 | AK63: por firma de gestor | AL63: NO | AM63: OK | AN63: CESAR FRANCO
A64: Drogueria Podium | B64: =VLOOKUP(Tabla6[[#This Row],[SEDE]],'Cronog Junio 2026'!B38:C129,2,0) -> Andres Carrillo | C64: =VLOOKUP(Tabla6[[#This Row],[SEDE]],'Cronog Junio 2026'!B38:G129,6,0) -> MERCADEO | D64: =VLOOKUP(Tabla6[[#This Row],[SEDE]],'Cronog Junio 2026'!B38:D129,3,0) -> M011910213 | E64: 4 | F64: 16 | G64: =+H64+J64+L64+N64+P64+R64+T64+V64+X64+Z64+AB64+AD64+AF64 -> 10 | H64: 1 | I64: 0 | J64: 2 | K64: 0 | L64: 3 | M64: 0 | N64: 0 | O64: 0 | P64: 0 | Q64: 0 | R64: 0 | S64: 0 | T64: 3 | U64: 0 | V64: 0 | W64: 0 | X64: 1 | Y64: 0 | Z64: 0 | AA64: 0 | AB64: 0 | AC64: 0 | AD64: 0 | AE64: 0 | AF64: 0 | AG64: 0 | AH64: 7 | AI64: 3 | AJ64: 4973 | AK64: por firma de gestor | AL64: NO | AM64: OK | AN64: CESAR FRANCO
A65: Drogueria San Fernando | B65: =VLOOKUP(Tabla6[[#This Row],[SEDE]],'Cronog Junio 2026'!B39:C130,2,0) -> Andres Carrillo | C65: =VLOOKUP(Tabla6[[#This Row],[SEDE]],'Cronog Junio 2026'!B39:G130,6,0) -> MERCADEO | D65: =VLOOKUP(Tabla6[[#This Row],[SEDE]],'Cronog Junio 2026'!B39:D130,3,0) -> M010101701 | E65: 19 | F65: 16 | G65: =+H65+J65+L65+N65+P65+R65+T65+V65+X65+Z65+AB65+AD65+AF65 -> 10 | H65: 0 | I65: 0 | J65: 2 | K65: 0 | L65: 1 | M65: 0 | N65: 0 | O65: 0 | P65: 0 | Q65: 0 | R65: 0 | S65: 0 | T65: 4 | U65: 0 | V65: 3 | W65: 0 | X65: 0 | Y65: 0 | Z65: 0 | AA65: 0 | AB65: 0 | AC65: 0 | AD65: 0 | AE65: 0 | AF65: 0 | AG65: 0 | AH65: 5 | AI65: 5 | AJ65: 5257 | AK65: por firma de gestor | AL65: NO | AM65: OK | AN65: CESAR FRANCO
A66: Drogueria San Joaquín | B66: =VLOOKUP(Tabla6[[#This Row],[SEDE]],'Cronog Junio 2026'!B40:C131,2,0) -> Andres Carrillo | C66: =VLOOKUP(Tabla6[[#This Row],[SEDE]],'Cronog Junio 2026'!B40:G131,6,0) -> MERCADEO | D66: =VLOOKUP(Tabla6[[#This Row],[SEDE]],'Cronog Junio 2026'!B40:D131,3,0) -> M011440213 | E66: 20 | F66: 16 | G66: =+H66+J66+L66+N66+P66+R66+T66+V66+X66+Z66+AB66+AD66+AF66 -> 8 | H66: 1 | I66: 0 | J66: 3 | K66: 0 | L66: 0 | M66: 0 | N66: 1 | O66: 0 | P66: 0 | Q66: 0 | R66: 0 | S66: 0 | T66: 2 | U66: 0 | V66: 1 | W66: 0 | X66: 0 | Y66: 0 | Z66: 0 | AA66: 0 | AB66: 0 | AC66: 0 | AD66: 0 | AE66: 0 | AF66: 0 | AG66: 0 | AH66: 4 | AI66: 4 | AJ66: 5287 | AK66: por firma de gestor | AL66: NO | AM66: OK | AN66: CESAR FRANCO
A67: Drogueria Supermercado Cosmocentro | B67: =VLOOKUP(Tabla6[[#This Row],[SEDE]],'Cronog Junio 2026'!B41:C132,2,0) -> Andres Carrillo | C67: =VLOOKUP(Tabla6[[#This Row],[SEDE]],'Cronog Junio 2026'!B41:G132,6,0) -> MERCADEO | D67: =VLOOKUP(Tabla6[[#This Row],[SEDE]],'Cronog Junio 2026'!B41:D132,3,0) -> M012170213 | E67: 22 | F67: 16 | G67: =+H67+J67+L67+N67+P67+R67+T67+V67+X67+Z67+AB67+AD67+AF67 -> 8 | H67: 1 | I67: 0 | J67: 1 | K67: 0 | L67: 1 | M67: 0 | N67: 0 | O67: 0 | P67: 1 | Q67: 0 | R67: 0 | S67: 0 | T67: 2 | U67: 0 | V67: 0 | W67: 0 | X67: 0 | Y67: 0 | Z67: 0 | AA67: 0 | AB67: 0 | AC67: 0 | AD67: 2 | AE67: 0 | AF67: 0 | AG67: 0 | AH67: 5 | AI67: 3 | AJ67: 5234 | AK67: FIRMADO | AL67: NO | AM67: OK | AN67: CESAR FRANCO
A68: Drogueria Tequendama II | B68: =VLOOKUP(Tabla6[[#This Row],[SEDE]],'Cronog Junio 2026'!B42:C133,2,0) -> Andres Carrillo | C68: =VLOOKUP(Tabla6[[#This Row],[SEDE]],'Cronog Junio 2026'!B42:G133,6,0) -> MERCADEO | D68: =VLOOKUP(Tabla6[[#This Row],[SEDE]],'Cronog Junio 2026'!B42:D133,3,0) -> M010500213 | E68: 23 | F68: 16 | G68: =+H68+J68+L68+N68+P68+R68+T68+V68+X68+Z68+AB68+AD68+AF68 -> 7 | H68: 0 | I68: 0 | J68: 1 | K68: 0 | L68: 1 | M68: 0 | N68: 0 | O68: 0 | P68: 0 | Q68: 0 | R68: 2 | S68: 0 | T68: 3 | U68: 0 | V68: 0 | W68: 0 | X68: 0 | Y68: 0 | Z68: 0 | AA68: 0 | AB68: 0 | AC68: 0 | AD68: 0 | AE68: 0 | AF68: 0 | AG68: 0 | AH68: 4 | AI68: 3 | AJ68: 5358 | AK68: por firma de gestor | AL68: NO | AM68: OK | AN68: CESAR FRANCO
A69: Drogueria Unicentro | B69: =VLOOKUP(Tabla6[[#This Row],[SEDE]],'Cronog Junio 2026'!B43:C134,2,0) -> Andres Carrillo | C69: =VLOOKUP(Tabla6[[#This Row],[SEDE]],'Cronog Junio 2026'!B43:G134,6,0) -> MERCADEO | D69: =VLOOKUP(Tabla6[[#This Row],[SEDE]],'Cronog Junio 2026'!B43:D134,3,0) -> M011380213 | E69: 10 | F69: 16 | G69: =+H69+J69+L69+N69+P69+R69+T69+V69+X69+Z69+AB69+AD69+AF69 -> 5 | H69: 1 | I69: 0 | J69: 1 | K69: 0 | L69: 0 | M69: 0 | N69: 0 | O69: 0 | P69: 0 | Q69: 0 | R69: 0 | S69: 0 | T69: 2 | U69: 0 | V69: 1 | W69: 0 | X69: 0 | Y69: 0 | Z69: 0 | AA69: 0 | AB69: 0 | AC69: 0 | AD69: 0 | AE69: 0 | AF69: 0 | AG69: 0 | AH69: 3 | AI69: 2 | AJ69: 5103 | AK69: por firma de gestor | AL69: NO | AM69: OK | AN69: CESAR FRANCO
A70: Drogueria Valle del Lili | B70: =VLOOKUP(Tabla6[[#This Row],[SEDE]],'Cronog Junio 2026'!B44:C135,2,0) -> Andres Carrillo | C70: =VLOOKUP(Tabla6[[#This Row],[SEDE]],'Cronog Junio 2026'!B44:G135,6,0) -> MERCADEO | D70: =VLOOKUP(Tabla6[[#This Row],[SEDE]],'Cronog Junio 2026'!B44:D135,3,0) -> M010520213 | E70: 11 | F70: 16 | G70: =+H70+J70+L70+N70+P70+R70+T70+V70+X70+Z70+AB70+AD70+AF70 -> 11 | H70: 0 | I70: 0 | J70: 3 | K70: 0 | L70: 1 | M70: 0 | N70: 0 | O70: 0 | P70: 0 | Q70: 0 | R70: 0 | S70: 0 | T70: 2 | U70: 0 | V70: 2 | W70: 0 | X70: 3 | Y70: 0 | Z70: 0 | AA70: 0 | AB70: 0 | AC70: 0 | AD70: 0 | AE70: 0 | AF70: 0 | AG70: 0 | AH70: 9 | AI70: 2 | AJ70: 5197 | AK70: por firma de gestor | AL70: NO | AM70: OK | AN70: CESAR FRANCO
A71: Drogueria Valle del Lili II | B71: =VLOOKUP(Tabla6[[#This Row],[SEDE]],'Cronog Junio 2026'!B45:C136,2,0) -> Andres Carrillo | C71: =VLOOKUP(Tabla6[[#This Row],[SEDE]],'Cronog Junio 2026'!B45:G136,6,0) -> MERCADEO | D71: =VLOOKUP(Tabla6[[#This Row],[SEDE]],'Cronog Junio 2026'!B45:D136,3,0) -> M011860213 | E71: 12 | F71: 16 | G71: =+H71+J71+L71+N71+P71+R71+T71+V71+X71+Z71+AB71+AD71+AF71 -> 7 | H71: 1 | I71: 0 | J71: 1 | K71: 0 | L71: 0 | M71: 0 | N71: 0 | O71: 0 | P71: 0 | Q71: 0 | R71: 0 | S71: 0 | T71: 3 | U71: 0 | V71: 2 | W71: 0 | X71: 0 | Y71: 0 | Z71: 0 | AA71: 0 | AB71: 0 | AC71: 0 | AD71: 0 | AE71: 0 | AF71: 0 | AG71: 0 | AH71: 5 | AI71: 2 | AJ71: 5104 | AK71: por firma de gestor | AL71: NO | AM71: OK | AN71: CESAR FRANCO
A72: Ips Comfandi Morichal | B72: =VLOOKUP(Tabla6[[#This Row],[SEDE]],'Cronog Junio 2026'!B46:C137,2,0) -> Andres Carrillo | C72: =VLOOKUP(Tabla6[[#This Row],[SEDE]],'Cronog Junio 2026'!B46:G137,6,0) -> SALUD | D72: =VLOOKUP(Tabla6[[#This Row],[SEDE]],'Cronog Junio 2026'!B46:D137,3,0) -> S010110205 | E72: 1,2,3,4,5,6,9,10 | F72: 180 | G72: =+H72+J72+L72+N72+P72+R72+T72+V72+X72+Z72+AB72+AD72+AF72 -> 49 | H72: 1 | I72: 0 | J72: 0 | K72: 0 | L72: 6 | M72: 0 | N72: 4 | O72: 0 | P72: 1 | Q72: 0 | R72: 4 | S72: 0 | T72: 2 | U72: 0 | V72: 4 | W72: 0 | X72: 18 | Y72: 0 | Z72: 0 | AA72: 0 | AB72: 7 | AC72: 0 | AD72: 1 | AE72: 0 | AF72: 1 | AG72: 0 | AH72: 31 | AI72: 18 | AJ72: 5003-5054-5063-5064-5082-5122-5202-5265 | AK72: por firma de gestor | AL72: NO | AM72: OK | AN72: ALBEIRO DURAN
A73: Ips Salud Integral Amiga | B73: =VLOOKUP(Tabla6[[#This Row],[SEDE]],'Cronog Junio 2026'!B47:C138,2,0) -> Andres Carrillo | C73: =VLOOKUP(Tabla6[[#This Row],[SEDE]],'Cronog Junio 2026'!B47:G138,6,0) -> SALUD | D73: =VLOOKUP(Tabla6[[#This Row],[SEDE]],'Cronog Junio 2026'!B47:D138,3,0) -> S011460205 | E73: 11,12,13,16,17, | F73: 88 | G73: =+H73+J73+L73+N73+P73+R73+T73+V73+X73+Z73+AB73+AD73+AF73 -> 16 | H73: 1 | I73: 0 | J73: 2 | K73: 0 | L73: 2 | M73: 0 | N73: 0 | O73: 0 | P73: 0 | Q73: 0 | R73: 2 | S73: 0 | T73: 2 | U73: 0 | V73: 3 | W73: 0 | X73: 4 | Y73: 0 | Z73: 0 | AA73: 0 | AB73: 0 | AC73: 0 | AD73: 0 | AE73: 0 | AF73: 0 | AG73: 0 | AH73: 10 | AI73: 6 | AJ73: 5123-5237-5297+5240-5243 | AK73: FIRMADO | AL73: OK | AM73: OK | AN73: ALBEIRO DURAN
A74: Colegio Ciudadela (Sede Primaria de Miraflores) | B74: =VLOOKUP(Tabla6[[#This Row],[SEDE]],'Cronog Junio 2026'!B48:C139,2,0) -> Andres Carrillo | C74: =VLOOKUP(Tabla6[[#This Row],[SEDE]],'Cronog Junio 2026'!B48:G139,6,0) -> EDUCACION | D74: =VLOOKUP(Tabla6[[#This Row],[SEDE]],'Cronog Junio 2026'!B48:D139,3,0) -> E010060205 | G74: =+H74+J74+L74+N74+P74+R74+T74+V74+X74+Z74+AB74+AD74+AF74 -> 0 | AN74: BRAYAN ARDILA
A75: Colegio Terranova | B75: =VLOOKUP(Tabla6[[#This Row],[SEDE]],'Cronog Junio 2026'!B49:C140,2,0) -> Andres Carrillo | C75: =VLOOKUP(Tabla6[[#This Row],[SEDE]],'Cronog Junio 2026'!B49:G140,6,0) -> EDUCACION | D75: =VLOOKUP(Tabla6[[#This Row],[SEDE]],'Cronog Junio 2026'!B49:D140,3,0) -> E010200205 | G75: =+H75+J75+L75+N75+P75+R75+T75+V75+X75+Z75+AB75+AD75+AF75 -> 0 | AN75: BRAYAN ARDILA
A77: Colegio Buga | B77: arnol | C77: =VLOOKUP(Tabla6[[#This Row],[SEDE]],'Cronog Junio 2026'!B50:G141,6,0) -> EDUCACION | D77: =VLOOKUP(Tabla6[[#This Row],[SEDE]],'Cronog Junio 2026'!B50:D141,3,0) -> E030020205 | E77: 1,2,3,4,5,6, | F77: 88 | G77: =+H77+J77+L77+N77+P77+R77+T77+V77+X77+Z77+AB77+AD77+AF77 -> 18 | H77: 0 | I77: 0 | J77: 0 | K77: 0 | L77: 9 | M77: 0 | N77: 0 | O77: 0 | P77: 2 | Q77: 0 | R77: 2 | S77: 0 | T77: 0 | U77: 0 | V77: 0 | W77: 0 | X77: 4 | Y77: 0 | Z77: 0 | AA77: 0 | AB77: 1 | AC77: 0 | AD77: 0 | AE77: 0 | AF77: 0 | AG77: 0 | AH77: 10 | AI77: 8 | AJ77: 4926-4928-5016-5017-5018-5019 | AK77: FIRMADO | AL77: OK | AM77: OK | AN77: JORGE LONDOÑO
B78: arnol | E78: 9,10,11,12,13, | F78: 72 | G78: =+H78+J78+L78+N78+P78+R78+T78+V78+X78+Z78+AB78+AD78+AF78 -> 20 | H78: 2 | I78: 0 | J78: 2 | K78: 0 | L78: 5 | M78: 0 | N78: 0 | O78: 0 | P78: 2 | Q78: 0 | R78: 3 | S78: 0 | T78: 0 | U78: 0 | V78: 0 | W78: 0 | X78: 5 | Y78: 0 | Z78: 0 | AA78: 0 | AB78: 1 | AC78: 0 | AD78: 0 | AE78: 0 | AF78: 0 | AG78: 0 | AH78: 10 | AI78: 10 | AJ78: 5090-5111-5152-5154-5155 | AK78: FIRMADO | AL78: OK | AM78: OK
E79: 16,17,18,19,20, | F79: 72 | G79: =+H79+J79+L79+N79+P79+R79+T79+V79+X79+Z79+AB79+AD79+AF79 -> 14 | H79: 1 | I79: 0 | J79: 1 | K79: 0 | L79: 3 | M79: 0 | N79: 0 | O79: 0 | P79: 0 | Q79: 0 | R79: 4 | S79: 0 | T79: 0 | U79: 0 | V79: 2 | W79: 0 | X79: 1 | Y79: 0 | Z79: 0 | AA79: 0 | AB79: 2 | AC79: 0 | AD79: 0 | AE79: 0 | AF79: 0 | AG79: 0 | AH79: 10 | AI79: 4 | AJ79: 5204-5228-5251-5288-5289 | AK79: por firma de gestor | AL79: NO | AM79: NO
E80: 22,23,24,
G81: =+H81+J81+L81+N81+R81+T81+V81+X81+Z81+AB81+AD81+AF81 -> 0
A82: Edificio Administración Buga | B82: arnol | C82: =VLOOKUP(Tabla6[[#This Row],[SEDE]],'Cronog Junio 2026'!B51:G142,6,0) -> ADMINISTRATIVO | D82: =VLOOKUP(Tabla6[[#This Row],[SEDE]],'Cronog Junio 2026'!B51:D142,3,0) -> A030010219 | E82: 1,2,3,4,5,09,12, | F82: 72 | G82: =+H82+J82+L82+N82+P82+R82+T82+V82+X82+Z82+AB82+AD82+AF82 -> 32 | H82: 3 | I82: 0 | J82: 8 | K82: 0 | L82: 4 | M82: 0 | N82: 0 | O82: 0 | P82: 5 | Q82: 0 | R82: 4 | S82: 0 | T82: 0 | U82: 0 | V82: 1 | W82: 0 | X82: 1 | Y82: 0 | Z82: 1 | AA82: 0 | AB82: 4 | AC82: 0 | AD82: 1 | AE82: 0 | AF82: 0 | AG82: 0 | AH82: 10 | AI82: 22 | AJ82: 4871-4929-4975-4995-5014-5073-5143 | AK82: FIRMADO | AL82: NO | AM82: NO | AN82: JORGE LONDOÑO
A83: Ips Comfandi Buga | B83: arnol | C83: =VLOOKUP(Tabla6[[#This Row],[SEDE]],'Cronog Junio 2026'!B52:G143,6,0) -> SALUD | D83: =VLOOKUP(Tabla6[[#This Row],[SEDE]],'Cronog Junio 2026'!B52:D143,3,0) -> S030010205 | E83: 6,10,11,14,16,17, | F83: 68 | G83: 32 | H83: 4 | I83: 0 | J83: 7 | K83: 0 | L83: 4 | M83: 0 | N83: 0 | O83: 0 | P83: 5 | Q83: 0 | R83: 4 | S83: 0 | T83: 1 | U83: 0 | V83: 0 | W83: 0 | X83: 5 | Y83: 0 | Z83: 0 | AA83: 0 | AB83: 1 | AC83: 0 | AD83: 1 | AE83: 0 | AF83: 0 | AG83: 0 | AH83: 14 | AI83: 18 | AJ83: 5015-5109-5141-5144-5205-5247 | AK83: FIRMADO | AL83: NO | AM83: NO | AN83: JORGE LONDOÑO
E84: 18,19,20,22,23, | F84: 84 | G84: =+H84+J84+L84+N84+R84+T84+V84+X84+Z84+AB84+AD84+AF84 -> 32 | H84: 1 | I84: 0 | J84: 2 | K84: 0 | L84: 13 | M84: 0 | N84: 0 | O84: 0 | P84: 6 | Q84: 0 | R84: 2 | S84: 0 | T84: 1 | U84: 0 | V84: 2 | W84: 0 | X84: 10 | Y84: 0 | Z84: 1 | AA84: 0 | AB84: 0 | AC84: 0 | AD84: 0 | AE84: 0 | AF84: 0 | AG84: 0 | AH84: 14 | AI84: 24
A86: IETDH Buenaventura | B86: arnol | C86: =VLOOKUP(Tabla6[[#This Row],[SEDE]],'Cronog Junio 2026'!B53:G144,6,0) -> EDUCACION | D86: =VLOOKUP(Tabla6[[#This Row],[SEDE]],'Cronog Junio 2026'!B53:D144,3,0) -> E050010205 | E86: 1,2,3,4,5,6, | F86: 44 | G86: =+H86+J86+L86+N86+P86+R86+T86+V86+X86+Z86+AB86+AD86+AF86 -> 18 | H86: 2 | I86: 0 | J86: 6 | K86: 0 | L86: 1 | M86: 0 | N86: 0 | O86: 0 | P86: 2 | Q86: 0 | R86: 2 | S86: 0 | T86: 0 | U86: 0 | V86: 1 | W86: 0 | X86: 2 | Y86: 0 | Z86: 0 | AA86: 0 | AB86: 1 | AC86: 0 | AD86: 1 | AE86: 0 | AF86: 0 | AG86: 0 | AH86: 6 | AI86: 12 | AJ86: 4877-4930-4974-4994-5020-5021 | AK86: por firma de gestor | AL86: NO | AM86: OK | AN86: ADMINISTRADOR
E87: 9,10,11,12,13,16,17,18, | F87: 60 | G87: =+H87+J87+L87+N87+P87+R87+T87+V87+X87+Z87+AB87+AD87+AF87 -> 29 | H87: 2 | I87: 0 | J87: 13 | K87: 0 | L87: 2 | M87: 0 | N87: 0 | O87: 0 | P87: 8 | Q87: 0 | R87: 3 | S87: 0 | T87: 0 | U87: 0 | V87: 0 | W87: 0 | X87: 1 | Y87: 0 | Z87: 0 | AA87: 0 | AB87: 0 | AC87: 0 | AD87: 0 | AE87: 0 | AF87: 0 | AG87: 0 | AH87: 1 | AI87: 28 | AJ87: 5072-5110-5145-5146--5147-5207-5229-5250 | AK87: por firma de gestor | AL87: NO | AM87: OK
A88: Agencia de Gestión y Colocación de Empleo Buenaventura | B88: arnol | C88: =VLOOKUP(Tabla6[[#This Row],[SEDE]],'Cronog Junio 2026'!B54:G145,6,0) -> FOMENTO | D88: =VLOOKUP(Tabla6[[#This Row],[SEDE]],'Cronog Junio 2026'!B54:D145,3,0) -> ORD500782 | E88: 22,23,24,25, | F88: 32 | G88: =+H88+J88+L88+N88+P88+R88+T88+V88+X88+Z88+AB88+AD88+AF88 -> 12 | H88: 3 | I88: 0 | J88: 4 | K88: 0 | L88: 0 | M88: 0 | N88: 0 | O88: 0 | P88: 0 | Q88: 0 | R88: 2 | S88: 0 | T88: 1 | U88: 0 | V88: 1 | W88: 0 | X88: 1 | Y88: 0 | Z88: 0 | AA88: 0 | AB88: 0 | AC88: 0 | AD88: 0 | AE88: 0 | AF88: 0 | AG88: 0 | AH88: 1 | AI88: 11 | AJ88: 5365-5362-5402-5403 | AK88: por firma de gestor | AL88: NO | AM88: OK | AN88: ADMINISTRADOR
A89: CIS Buenaventura | B89: arnol | C89: =VLOOKUP(Tabla6[[#This Row],[SEDE]],'Cronog Junio 2026'!B55:G146,6,0) -> ADMINISTRATIVO | D89: =VLOOKUP(Tabla6[[#This Row],[SEDE]],'Cronog Junio 2026'!B55:D146,3,0) -> A050010407 | E89: 19,20, | F89: 8 | G89: 3 | H89: 0 | I89: 0 | J89: 2 | K89: 0 | L89: 1 | M89: 0 | N89: 0 | O89: 0 | P89: 0 | Q89: 0 | R89: 0 | S89: 0 | T89: 0 | U89: 0 | V89: 0 | W89: 0 | X89: 0 | Y89: 0 | Z89: 0 | AA89: 0 | AB89: 0 | AC89: 0 | AD89: 0 | AE89: 0 | AF89: 0 | AG89: 0 | AH89: 1 | AI89: 2 | AJ89: 5290-5291 | AK89: por firma de gestor | AL89: NO | AM89: OK | AN89: ADMINISTRADOR
A90: Drogueria Buenaventura Bella Vista | B90: arnol | C90: =VLOOKUP(Tabla6[[#This Row],[SEDE]],'Cronog Junio 2026'!B56:G147,6,0) -> MERCADEO | D90: =VLOOKUP(Tabla6[[#This Row],[SEDE]],'Cronog Junio 2026'!B56:D147,3,0) -> M050110213 | G90: =+H90+J90+L90+N90+P90+R90+T90+V90+X90+Z90+AB90+AD90+AF90 -> 0 | AN90: ADMINISTRADOR
A91: Colegio El Lago | B91: arnol | C91: =VLOOKUP(Tabla6[[#This Row],[SEDE]],'Cronog Junio 2026'!B57:G148,6,0) -> EDUCACION | D91: =VLOOKUP(Tabla6[[#This Row],[SEDE]],'Cronog Junio 2026'!B57:D148,3,0) -> E040110205 | E91: 1,2,3,4,5,6, | F91: 88 | G91: =+H91+J91+L91+N91+P91+R91+T91+V91+X91+Z91+AB91+AD91+AF91 -> 16 | H91: 0 | I91: 0 | J91: 0 | K91: 0 | L91: 2 | M91: 0 | N91: 1 | O91: 0 | P91: 1 | Q91: 0 | R91: 2 | S91: 0 | T91: 0 | U91: 0 | V91: 1 | W91: 0 | X91: 2 | Y91: 0 | Z91: 1 | AA91: 0 | AB91: 4 | AC91: 0 | AD91: 2 | AE91: 0 | AF91: 0 | AG91: 0 | AH91: 8 | AI91: 8 | AJ91: 4946-4945-5086-5088-5024-5025 | AK91: FIRMADO | AL91: OK | AM91: OK | AN91: CARLOS POSADA
E92: 9,10,11,12,13, | F92: 72 | G92: =+H92+J92+L92+N92+P92+R92+T92+V92+X92+Z92+AB92+AD92+AF92 -> 8 | H92: 1 | I92: 0 | J92: 0 | K92: 0 | L92: 3 | M92: 0 | N92: 0 | O92: 0 | P92: 0 | Q92: 0 | R92: 0 | S92: 0 | T92: 0 | U92: 0 | V92: 0 | W92: 0 | X92: 0 | Y92: 0 | Z92: 0 | AA92: 0 | AB92: 4 | AC92: 0 | AD92: 0 | AE92: 0 | AF92: 0 | AG92: 0 | AH92: 4 | AI92: 4 | AJ92: 5408-5409-5187-5188-5189 | AK92: FIRMADO | AL92: NO | AM92: NO
E93: 16,17,18,19,20, | F93: 72 | G93: =+H93+J93+L93+N93+P93+R93+T93+V93+X93+Z93+AB93+AD93+AF93 -> 14 | H93: 1 | I93: 0 | J93: 0 | K93: 0 | L93: 3 | M93: 0 | N93: 0 | O93: 0 | P93: 0 | Q93: 0 | R93: 1 | S93: 0 | T93: 1 | U93: 0 | V93: 0 | W93: 0 | X93: 2 | Y93: 0 | Z93: 0 | AA93: 0 | AB93: 6 | AC93: 0 | AD93: 0 | AE93: 0 | AF93: 0 | AG93: 0 | AH93: 6 | AI93: 8 | AJ93: 5238-5271-5272-5274-5281 | AK93: FIRMADO | AL93: NO | AM93: NO
A94: Biblioteca Colegio El Lago | B94: arnol | C94: =VLOOKUP(Tabla6[[#This Row],[SEDE]],'Cronog Junio 2026'!B58:G149,6,0) -> EDUCACION | D94: =VLOOKUP(Tabla6[[#This Row],[SEDE]],'Cronog Junio 2026'!B58:D149,3,0) -> E040110205 | F94: =F91+F92+F93 -> 232 | G94: =G91+G92+G93 -> 38 | H94: =H91+H92+H93 -> 2 | I94: =I91+I92+I93 -> 0 | J94: =J91+J92+J93 -> 0 | K94: =K91+K92+K93 -> 0 | L94: =L91+L92+L93 -> 8 | M94: =M91+M92+M93 -> 0 | ... AI94: =AI91+AI92+AI93 -> 20 | AN94: CARLOS POSADA
A95: Clinica Comfandi Cartago | B95: arnol | C95: =VLOOKUP(Tabla6[[#This Row],[SEDE]],'Cronog Junio 2026'!B59:G150,6,0) -> SALUD | D95: =VLOOKUP(Tabla6[[#This Row],[SEDE]],'Cronog Junio 2026'!B59:D150,3,0) -> S060020205 | E95: 1,2,3,4,5,6, | F95: 88 | G95: =+H95+J95+L95+N95+P95+R95+T95+V95+X95+Z95+AB95+AD95+AF95 -> 32 | H95: 3 | I95: 0 | J95: 4 | K95: 0 | L95: 13 | M95: 0 | N95: 1 | O95: 0 | P95: 2 | Q95: 0 | R95: 1 | S95: 0 | T95: 3 | U95: 0 | V95: 0 | W95: 0 | X95: 4 | Y95: 0 | Z95: 0 | AA95: 0 | AB95: 1 | AC95: 0 | AD95: 0 | AE95: 0 | AF95: 0 | AG95: 0 | AH95: 29 | AI95: 3 | AJ95: 4942-4947-4999-5091-5092-5089 | AK95: FIRMADO | AL95: NO | AM95: OK | AN95: WILLIAM RAIMREZ
E96: 9,10,11,12,13, | F96: 72 | G96: =+H96+J96+L96+N96+P96+R96+T96+V96+X96+Z96+AB96+AD96+AF96 -> 24 | H96: 4 | I96: 0 | J96: 4 | K96: 0 | L96: 7 | M96: 0 | N96: 1 | O96: 0 | P96: 1 | Q96: 0 | R96: 0 | S96: 0 | T96: 1 | U96: 0 | V96: 0 | W96: 0 | X96: 3 | Y96: 0 | Z96: 0 | AA96: 0 | AB96: 3 | AC96: 0 | AD96: 0 | AE96: 0 | AF96: 0 | AG96: 0 | AH96: 20 | AI96: 4 | AJ96: 5108-5118-5186-5192-5190 | AK96: FIRMADO | AL96: NO | AM96: OK
E97: 16,17,18,19,20, | G97: =+H97+J97+L97+N97+R97+T97+V97+X97+Z97+AB97+AD97+AF97 -> 0
A98: Clinica e IPS Comfandi Palmira | B98: arnol | C98: =VLOOKUP(Tabla6[[#This Row],[SEDE]],'Cronog Junio 2026'!B60:G151,6,0) -> SALUD | D98: =VLOOKUP(Tabla6[[#This Row],[SEDE]],'Cronog Junio 2026'!B60:D151,3,0) -> S020030205 | E98: 1,2,3,4,5,6, | F98: 93 | G98: =+H98+J98+L98+N98+P98+R98+T98+V98+X98+Z98+AB98+AD98+AF98 -> 18 | H98: 2 | I98: 0 | J98: 5 | K98: 0 | L98: 2 | M98: 0 | N98: 0 | O98: 0 | P98: 7 | Q98: 0 | R98: 0 | S98: 0 | T98: 2 | U98: 0 | V98: 0 | W98: 0 | X98: 0 | Y98: 0 | Z98: 0 | AA98: 0 | AB98: 0 | AC98: 0 | AD98: 0 | AE98: 0 | AF98: 0 | AG98: 0 | AH98: 7 | AI98: 11 | AJ98: 5040-5094-5095-5100-5096-5097 | AK98: por firma de gestor | AL98: NO | AM98: OK | AN98: JAIRO ARBOLEDA
E99: 9,10,11,12,13, | F99: 76.4 | G99: =+H99+J99+L99+N99+P99+R99+T99+V99+X99+Z99+AB99+AD99+AF99 -> 12 | H99: 1 | I99: 0 | J99: 3 | K99: 0 | L99: 6 | M99: 0 | N99: 0 | O99: 0 | P99: 1 | Q99: 0 | R99: 0 | S99: 0 | T99: 1 | U99: 0 | V99: 0 | W99: 0 | X99: 0 | Y99: 0 | Z99: 0 | AA99: 0 | AB99: 0 | AC99: 0 | AD99: 0 | AE99: 0 | AF99: 0 | AG99: 0 | AH99: 7 | AI99: 5 | AJ99: 5127-5181-5182-5184-5275 | AK99: por firma de gestor | AL99: NO | AM99: OK
E100: 16,17,18,19,20, | F100: 76.4 | G100: =+H100+J100+L100+N100+P100+R100+T100+V100+X100+Z100+AB100+AD100+AF100 -> 12 | H100: 2 | I100: 0 | J100: 1 | K100: 0 | L100: 4 | M100: 0 | N100: 0 | O100: 0 | P100: 4 | Q100: 0 | R100: 0 | S100: 0 | T100: 1 | U100: 0 | V100: 0 | W100: 0 | X100: 0 | Y100: 0 | Z100: 0 | AA100: 0 | AB100: 0 | AC100: 0 | AD100: 0 | AE100: 0 | AF100: 0 | AG100: 0 | AH100: 7 | AI100: 5 | AJ100: 5277-5280-5284-5300-5351 | AK100: por firma de gestor | AL100: NO | AM100: OK
A101: Drogueria Aeropuerto | B101: arnol | C101: =VLOOKUP(Tabla6[[#This Row],[SEDE]],'Cronog Junio 2026'!B61:G152,6,0) -> MERCADEO | D101: =VLOOKUP(Tabla6[[#This Row],[SEDE]],'Cronog Junio 2026'!B61:D152,3,0) -> M011370213 | AN101: JAIRO ARBOLEDA
A102: Drogueria Buga Principal | B102: arnol | C102: =VLOOKUP(Tabla6[[#This Row],[SEDE]],'Cronog Junio 2026'!B62:G153,6,0) -> MERCADEO | D102: =VLOOKUP(Tabla6[[#This Row],[SEDE]],'Cronog Junio 2026'!B62:D153,3,0) -> M030011701 | E102: 6 | F102: 8 | G102: =+H102+J102+L102+N102+P102+R102+T102+V102+X102+Z102+AB102+AD102+AF102 -> 2 | H102: 0 | I102: 0 | J102: 1 | K102: 0 | L102: 0 | M102: 0 | N102: 0 | O102: 0 | P102: 0 | Q102: 0 | R102: 0 | S102: 0 | T102: 0 | U102: 0 | V102: 1 | W102: 0 | X102: 0 | Y102: 0 | Z102: 0 | AA102: 0 | AB102: 0 | AC102: 0 | AD102: 0 | AE102: 0 | AF102: 0 | AG102: 0 | AH102: 1 | AI102: 1 | AJ102: 5970 | AK102: FIRMADO | AL102: NO | AM102: OK | AN102: JORGE LONDOÑO
A103: Drogueria Bugalagrande | B103: arnol | C103: =VLOOKUP(Tabla6[[#This Row],[SEDE]],'Cronog Junio 2026'!B63:G154,6,0) -> MERCADEO | D103: =VLOOKUP(Tabla6[[#This Row],[SEDE]],'Cronog Junio 2026'!B63:D154,3,0) -> M040131701 | G103: =+H103+J103+L103+N103+P103+R103+T103+V103+X103+Z103+AB103+AD103+AF103 -> 0 | AN103: JORGE LONDOÑO
A104: Drogueria Carrera 35 | B104: arnol | C104: =VLOOKUP(Tabla6[[#This Row],[SEDE]],'Cronog Junio 2026'!B64:G155,6,0) -> MERCADEO | D104: =VLOOKUP(Tabla6[[#This Row],[SEDE]],'Cronog Junio 2026'!B64:D155,3,0) -> M040050213 | G104: =+H104+J104+L104+N104+P104+R104+T104+V104+X104+Z104+AB104+AD104+AF104 -> 0 | AN104: CARLOS POSADA
A105: Drogueria Cartago Principal | B105: arnol | C105: =VLOOKUP(Tabla6[[#This Row],[SEDE]],'Cronog Junio 2026'!B65:G156,6,0) -> MERCADEO | D105: =VLOOKUP(Tabla6[[#This Row],[SEDE]],'Cronog Junio 2026'!B65:D156,3,0) -> A060010219 | G105: =+H105+J105+L105+N105+P105+R105+T105+V105+X105+Z105+AB105+AD105+AF105 -> 0 | AN105: WILLIAM RAIMREZ
A106: Centro Recreativo Buga | B106: arnol | C106: =VLOOKUP(Tabla6[[#This Row],[SEDE]],'Cronog Junio 2026'!B66:G157,6,0) -> RECREACION | D106: =VLOOKUP(Tabla6[[#This Row],[SEDE]],'Cronog Junio 2026'!B66:D157,3,0) -> R030060205 | E106: 1,2,3,4,5,9,10, | F106: 152 | G106: =+H106+J106+L106+N106+P106+R106+T106+V106+X106+Z106+AB106+AD106+AF106 -> 50 | H106: 0 | I106: 0 | J106: 5 | K106: 0 | L106: 34 | M106: 0 | N106: 1 | O106: 0 | P106: 0 | Q106: 0 | R106: 0 | S106: 0 | T106: 0 | U106: 0 | V106: 0 | W106: 0 | X106: 5 | Y106: 0 | Z106: 0 | AA106: 0 | AB106: 5 | AC106: 0 | AD106: 0 | AE106: 0 | AF106: 0 | AG106: 0 | AH106: 12 | AI106: 38 | AJ106: 4923-4925-4972-4993-5038-5080-5105 | AK106: por firma de gestor | AL106: NO | AM106: OK | AN106: JORGE LONDOÑO
A107: Biblioteca Buga Adultos FTDH | B107: arnol | C107: =VLOOKUP(Tabla6[[#This Row],[SEDE]],'Cronog Junio 2026'!B67:G158,6,0) -> EDUCACION | D107: =VLOOKUP(Tabla6[[#This Row],[SEDE]],'Cronog Junio 2026'!B67:D158,3,0) -> E030026005 | E107: 11 | F107: 16 | G107: =+H107+J107+L107+N107+P107+R107+T107+V107+X107+Z107+AB107+AD107+AF107 -> 4 | H107: 0 | I107: 0 | J107: 1 | K107: 0 | L107: 0 | M107: 0 | N107: 0 | O107: 0 | P107: 0 | Q107: 0 | R107: 0 | S107: 0 | T107: 0 | U107: 0 | V107: 0 | W107: 0 | X107: 1 | Y107: 0 | Z107: 0 | AA107: 0 | AB107: 2 | AC107: 0 | AD107: 0 | AE107: 0 | AF107: 0 | AG107: 0 | AH107: 1 | AI107: 3 | AJ107: 5121 | AK107: por firma de gestor | AL107: NO | AM107: OK | AN107: JORGE LONDOÑO
A108: Agencia de Gestión y Colocación de Empleo Buga | B108: arnol | C108: =VLOOKUP(Tabla6[[#This Row],[SEDE]],'Cronog Junio 2026'!B68:G159,6,0) -> EDUCACION | D108: =VLOOKUP(Tabla6[[#This Row],[SEDE]],'Cronog Junio 2026'!B68:D159,3,0) -> ORD500782 | E108: 16,17,18,19, | F108: 64 | G108: =+H108+J108+L108+N108+P108+R108+T108+V108+X108+Z108+AB108+AD108+AF108 -> 8 | H108: 0 | I108: 0 | J108: 1 | K108: 0 | L108: 2 | M108: 0 | N108: 0 | O108: 0 | P108: 0 | Q108: 0 | R108: 1 | S108: 0 | T108: 1 | U108: 0 | V108: 1 | W108: 0 | X108: 1 | Y108: 0 | Z108: 0 | AA108: 0 | AB108: 1 | AC108: 0 | AD108: 0 | AE108: 0 | AF108: 0 | AG108: 0 | AH108: 5 | AI108: 3 | AJ108: 5354-5355-5356-5357 | AK108: por firma de gestor | AL108: NO | AM108: NO | AN108: JORGE LONDOÑO
A109: Agencia de Gestión y Colocación de Empleo Tuluá | B109: arnol | C109: =VLOOKUP(Tabla6[[#This Row],[SEDE]],'Cronog Junio 2026'!B69:G160,6,0) -> FOMENTO | D109: =VLOOKUP(Tabla6[[#This Row],[SEDE]],'Cronog Junio 2026'!B69:D160,3,0) -> ORD500782 | G109: =+H109+J109+L109+N109+P109+R109+T109+V109+X109+Z109+AB109+AD109+AF109 -> 0 | AN109: CARLOS POSADA
A110: IETDH Alfonso Potes Roldan | B110: arnol | C110: =VLOOKUP(Tabla6[[#This Row],[SEDE]],'Cronog Junio 2026'!B70:G161,6,0) -> EDUCACION | D110: =VLOOKUP(Tabla6[[#This Row],[SEDE]],'Cronog Junio 2026'!B70:D161,3,0) -> A040010224 | G110: =+H110+J110+L110+N110+P110+R110+T110+V110+X110+Z110+AB110+AD110+AF110 -> 0 | AN110: CARLOS POSADA
...

Sheet Datos
B1: 1 | D1: 2 | F1: 3 | H1: 4 | J1: 5 | L1: 6 | N1: 7 | P1: 8 | R1: 9 | T1: 10 | V1: 11 | X1: 12 | Z1: 13
B2: HID-SAN | C2: Tipo | D2: INS-ELE | E2: M2 | F2: OBR-CIV | G2: M2 | H2: APY-LOG | I2: Horas | J2: APY-MTTO | K2: Horas | L2: CARP-MET | M2: Tipo | N2: CHA-LLAV | O2: Tipo | P2: CARP-MAD | Q2: Tipo | R2: PINT | S2: M2 | T2: ADE-OFI | U2: Tipo | V2: CUBI | W2: M2 | X2: SEÑA | Y2: Tipo | Z2: PERSIA | AA2: Tipo | AB2: Total | AD2: CON COBRO | AE2: SIN COBRO
A3: 1 | F3: 1 | AB3: =B3+D3+F3+H3+L3+N3+P3+R3+T3+V3+X3+Z3+J3 -> 1 | AD3: 1 | AE3: 0 | AF3: =SUM(AD3:AE3) -> 1
A4: 2 | F4: 1 | AB4: =B4+D4+F4+H4+L4+N4+P4+R4+T4+V4+X4+Z4+J4 -> 1 | AD4: 1 | AE4: 0 | AF4: =SUM(AD4:AE4) -> 1
A5: 3 | B5: 1 | F5: 1 | AB5: =B5+D5+F5+H5+L5+N5+P5+R5+T5+V5+X5+Z5+J5 -> 2 | AD5: 1 | AE5: 1 | AF5: =SUM(AD5:AE5) -> 2
A6: 4 | L6: 1 | R6: 1 | AB6: =B6+D6+F6+H6+L6+N6+P6+R6+T6+V6+X6+Z6+J6 -> 2 | AD6: 2 | AE6: 0 | AF6: =SUM(AD6:AE6) -> 2
A7: 5 | N7: 1 | R7: 1 | V7: 6 | AB7: =B7+D7+F7+H7+L7+N7+P7+R7+T7+V7+X7+Z7+J7 -> 8 | AD7: 1 | AE7: 7 | AF7: =SUM(AD7:AE7) -> 8
A8: 6 | AB8: =B8+D8+F8+H8+L8+N8+P8+R8+T8+V8+X8+Z8+J8 -> 0 | AF8: =SUM(AD8:AE8) -> 0
A9: 7 | AB9: =B9+D9+F9+H9+L9+N9+P9+R9+T9+V9+X9+Z9+J9 -> 0 | AF9: =SUM(AD9:AE9) -> 0
A10: 8 | AB10: =B10+D10+F10+H10+L10+N10+P10+R10+T10+V10+X10+Z10+J10 -> 0 | AF10: =SUM(AD10:AE10) -> 0
A11: 9 | AB11: =B11+D11+F11+H11+L11+N11+P11+R11+T11+V11+X11+Z11+J11 -> 0 | AF11: =SUM(AD11:AE11) -> 0
A12: 10 | AB12: =B12+D12+F12+H12+L12+N12+P12+R12+T12+V12+X12+Z12+J12 -> 0 | AF12: =SUM(AD12:AE12) -> 0
A13: 11 | AB13: =B13+D13+F13+H13+L13+N13+P13+R13+T13+V13+X13+Z13+J13 -> 0 | AF13: =SUM(AD13:AE13) -> 0
A14: 12 | AB14: =B14+D14+F14+H14+L14+N14+P14+R14+T14+V14+X14+Z14+J14 -> 0 | AF14: =SUM(AD14:AE14) -> 0
A15: 13 | AB15: =B15+D15+F15+H15+L15+N15+P15+R15+T15+V15+X15+Z15+J15 -> 0 | AF15: =SUM(AD15:AE15) -> 0
A16: 14 | AB16: =B16+D16+F16+H16+L16+N16+P16+R16+T16+V16+X16+Z16+J16 -> 0 | AF16: =SUM(AD16:AE16) -> 0
A17: 15 | AB17: =B17+D17+F17+H17+L17+N17+P17+R17+T17+V17+X17+Z17+J17 -> 0 | AF17: =SUM(AD17:AE17) -> 0
A18: 16 | AB18: =B18+D18+F18+H18+L18+N18+P18+R18+T18+V18+X18+Z18+J18 -> 0 | AF18: =SUM(AD18:AE18) -> 0
A19: 17 | AB19: =B19+D19+F19+H19+L19+N19+P19+R19+T19+V19+X19+Z19+J19 -> 0 | AF19: =SUM(AD19:AE19) -> 0
B20: =SUM(B3:B19) -> 1 | C20: =SUM(C3:C19) -> 0 | D20: =SUM(D3:D19) -> 0 | E20: =SUM(E3:E19) -> 0 | F20: =SUM(F3:F19) -> 3 | G20: =SUM(G3:G19) -> 0 | H20: =SUM(H3:H19) -> 0 | I20: =SUM(I3:I19) -> 0 | ... AA20: =SUM(AA3:AA19) -> 0 | AB20: Suma Parcial | AD20: =SUM(AD3:AD19) -> 6 | AE20: =SUM(AE3:AE19) -> 8
B21: =+B20+D20+F20+H20+L20+N20+P20+R20+T20+V20+X20+Z20+J20 -> 14 | AB21: Suma Total | AD21: =+AD20+AE20 -> 14
B24: 1 | D24: HID-SAN | F24: Mtto y Reparación Hidro-Sanitario
B25: 2 | D25: INS-ELE | F25: Mtto y Reparación Instalaciones Electricas
B26: 3 | D26: OBR-CIV | F26: Mtto y Reparación Obra Civil
B27: 4 | D27: APY-LOG | F27: Apoyo Logistico
B28: 5 | D28: APY-MTTO | F28: Temas de Rutina de mantenimiento preventivo
B29: 6 | D29: CARP-MET | F29: Mtto y Reparacion Carpinteria Metalica
B30: 7 | D30: CHA-LLAV | F30: Mtto y Reparacion Chapas y Llaves
B31: 8 | D31: CARP-MAD | F31: Mtto y Reparacion Carpinteria Madera
B32: 9 | D32: PINT | F32: Mtto Pinturas
B33: 10 | D33: ADE-OFI | F33: Adecuacion Oficina
B34: 11 | D34: CUBI | F34: Mtto y Reparacion Cubiertas
B35: 12 | D35: SEÑA | F35: Señalización
B36: 13 | D36: PERSIA | F36: Mtto y Reparacion Persiana

Sheet Consolidado Entregas
A1: CONSOLIDADO RELACIONES DE ENTREGA MANTENIMIENTO PROGRAMADO
J2: CANTIDAD AUTOGESTIONES-PILARES DE MANTENIMIENTO
A3: N° ENTREGA | B3: FECHA DILIGENC. | C3: SEDE | D3: SUPERVISOR RESPONSABLE | E3: UES | F3: C. COSTO | G3: FECHAS DE EJECUCIÓN | H3: HORAS EJECUTADAS | I3: Q AUTOGEST. | J3: HID-SAN | K3: INS-ELE | L3: OBR-CIV | M3: APY-LOG | N3: APY-MTTO | O3: CARP-MET | P3: CHA-LLAV | Q3: CARP-MAD | R3: PINT | S3: ADE-OFI | T3: CUBI | U3: SEÑA | V3: PERSIA | W3: CON COBRO | X3: SIN COBRO | Y3: N° CHECK LIST
A7: Total | C7: =SUBTOTAL(103,Tabla7[SEDE]) -> 0 | H7: =SUBTOTAL(109,Tabla7[HORAS EJECUTADAS]) -> 0 | I7: =SUBTOTAL(109,Tabla7[Q AUTOGEST.]) -> 0 | J7: =SUBTOTAL(109,Tabla7[HID-SAN]) -> 0 | K7: =SUBTOTAL(109,Tabla7[INS-ELE]) -> 0 | L7: =SUBTOTAL(109,Tabla7[OBR-CIV]) -> 0 | M7: =SUBTOTAL(109,Tabla7[APY-LOG]) -> 0 | N7: =SUBTOTAL(109,Tabla7[APY-MTTO]) -> 0 | O7: =SUBTOTAL(109,Tabla7[CARP-MET]) -> 0 | P7: =SUBTOTAL(109,Tabla7[CHA-LLAV]) -> 0 | Q7: =SUBTOTAL(109,Tabla7[CARP-MAD]) -> 0 | R7: =SUBTOTAL(109,Tabla7[PINT]) -> 0 | S7: =SUBTOTAL(109,Tabla7[ADE-OFI]) -> 0 | T7: =SUBTOTAL(109,Tabla7[CUBI]) -> 0 | U7: =SUBTOTAL(109,Tabla7[SEÑA]) -> 0 | V7: =SUBTOTAL(109,Tabla7[PERSIA]) -> 0 | W7: =SUBTOTAL(109,Tabla7[CON COBRO]) -> 0 | X7: =SUBTOTAL(109,Tabla7[SIN COBRO]) -> 0

Sheet SEGUIMIENTO
A1: VA EN EL ADJUNTO | F1: DIRIGIDO A: | H1: CON COPIA A:
A3: sabado, 13 de junio 2026 | B3: Ciudad | C3: UES | D3: Supervisor a Cargo | E3: Facilitador Comfandi | F3: Correo Sede | G3: Correo Facilitador | H3: CORREO UES | I3: SEGURIDAD CORPORATIVA | J3: CORREOS A NIVEL CENTRAL | K3: CORREOS BRILLASEO
B4: =VLOOKUP(Tabla425[[#This Row],[sabado, 13 de junio 2026]],'Cronog Junio 2026'!B:AT,4,0) -> #N/A | C4: =VLOOKUP(Tabla425[[#This Row],[sabado, 13 de junio 2026]],'Cronog Junio 2026'!B:AT,6,0) -> #N/A | D4: =VLOOKUP(Tabla425[[#This Row],[sabado, 13 de junio 2026]],'Cronog Junio 2026'!B:AT,2,0) -> #N/A | E4: Jairo Arboleda | F4: =VLOOKUP(Tabla425[[#This Row],[sabado, 13 de junio 2026]],'CORREOS 01'!A:B,2,0) -> #N/A | G4: =VLOOKUP(Tabla425[[#This Row],[Facilitador Comfandi]],#REF!,2,0) -> #REF! | H4: =IFERROR(VLOOKUP(Tabla425[[#This Row],[UES]],'Directorio Infraestructura'!$A$37:$D$41,4,0),"") | I4: =IF(Tabla425[[#This Row],[Ciudad]]="Cali",'Directorio Infraestructura'!$B$31,'Directorio Infraestructura'!$B$32) -> #N/A | J4: ='Directorio Infraestructura'!$B$48 -> francygaleano@comfandi.com.co; viviansramirez@comfandi.com.co; jansengiraldo@comfandi.com.co; brayanardila@comfandi.com.co; leonardosarria@comfandi.com.co; aprendizmantenimiento1@comfandi.com.co;sebastianarias@comfandi.com.co;hectorcaicedo@comfandi.com.co; mariamartinez@comfandi.com.co; yubizanvelasco@comfandi.com.co | K4: ='Directorio Infraestructura'!$B$49 -> analista1sst.comfandi@brillaseo.com; jhaidy.ruiz@brillaseo.com; almacen1.comfandi@brillaseo.com; alejandro.marin@brillaseo.co;andres.ramirez@brillaseo.co;bryan.martinez@brillaseo.co;adrian.restrepo@brillaseo.co
B5: =VLOOKUP(Tabla425[[#This Row],[sabado, 13 de junio 2026]],'Cronog Junio 2026'!B:AT,4,0) -> #N/A | C5: =VLOOKUP(Tabla425[[#This Row],[sabado, 13 de junio 2026]],'Cronog Junio 2026'!B:AT,6,0) -> #N/A | D5: =VLOOKUP(Tabla425[[#This Row],[sabado, 13 de junio 2026]],'Cronog Junio 2026'!B:AT,2,0) -> #N/A | E5: =VLOOKUP(Tabla425[[#This Row],[sabado, 13 de junio 2026]],#REF!,10,0) -> #REF! | F5: =VLOOKUP(Tabla425[[#This Row],[sabado, 13 de junio 2026]],'CORREOS 01'!A:B,2,0) -> #N/A | G5: =VLOOKUP(Tabla425[[#This Row],[Facilitador Comfandi]],#REF!,2,0) -> #REF! | H5: =IFERROR(VLOOKUP(Tabla425[[#This Row],[UES]],'Directorio Infraestructura'!$A$37:$D$41,4,0),"") | I5: =IF(Tabla425[[#This Row],[Ciudad]]="Cali",'Directorio Infraestructura'!$B$31,'Directorio Infraestructura'!$B$32) -> #N/A
B6: =VLOOKUP(Tabla425[[#This Row],[sabado, 13 de junio 2026]],'Cronog Junio 2026'!B:AT,4,0) -> #N/A | C6: =VLOOKUP(Tabla425[[#This Row],[sabado, 13 de junio 2026]],'Cronog Junio 2026'!B:AT,6,0) -> #N/A | D6: =VLOOKUP(Tabla425[[#This Row],[sabado, 13 de junio 2026]],'Cronog Junio 2026'!B:AT,2,0) -> #N/A | E6: =VLOOKUP(Tabla425[[#This Row],[sabado, 13 de junio 2026]],#REF!,10,0) -> #REF! | F6: =VLOOKUP(Tabla425[[#This Row],[sabado, 13 de junio 2026]],'CORREOS 01'!A:B,2,0) -> #N/A | G6: =VLOOKUP(Tabla425[[#This Row],[Facilitador Comfandi]],#REF!,2,0) -> #REF! | H6: =IFERROR(VLOOKUP(Tabla425[[#This Row],[UES]],'Directorio Infraestructura'!$A$37:$D$41,4,0),"") | I6: =IF(Tabla425[[#This Row],[Ciudad]]="Cali",'Directorio Infraestructura'!$B$31,'Directorio Infraestructura'!$B$32) -> #N/A
B7: =VLOOKUP(Tabla425[[#This Row],[sabado, 13 de junio 2026]],'Cronog Junio 2026'!B:AT,4,0) -> #N/A | C7: =VLOOKUP(Tabla425[[#This Row],[sabado, 13 de junio 2026]],'Cronog Junio 2026'!B:AT,6,0) -> #N/A | D7: =VLOOKUP(Tabla425[[#This Row],[sabado, 13 de junio 2026]],'Cronog Junio 2026'!B:AT,2,0) -> #N/A | E7: =VLOOKUP(Tabla425[[#This Row],[sabado, 13 de junio 2026]],#REF!,10,0) -> #REF! | F7: =VLOOKUP(Tabla425[[#This Row],[sabado, 13 de junio 2026]],'CORREOS 01'!A:B,2,0) -> #N/A | G7: =VLOOKUP(Tabla425[[#This Row],[Facilitador Comfandi]],#REF!,2,0) -> #REF! | H7: =IFERROR(VLOOKUP(Tabla425[[#This Row],[UES]],'Directorio Infraestructura'!$A$37:$D$41,4,0),"") | I7: =IF(Tabla425[[#This Row],[Ciudad]]="Cali",'Directorio Infraestructura'!$B$31,'Directorio Infraestructura'!$B$32) -> #N/A
B8: =VLOOKUP(Tabla425[[#This Row],[sabado, 13 de junio 2026]],'Cronog Junio 2026'!B:AT,4,0) -> #N/A | C8: =VLOOKUP(Tabla425[[#This Row],[sabado, 13 de junio 2026]],'Cronog Junio 2026'!B:AT,6,0) -> #N/A | D8: =VLOOKUP(Tabla425[[#This Row],[sabado, 13 de junio 2026]],'Cronog Junio 2026'!B:AT,2,0) -> #N/A | E8: =VLOOKUP(Tabla425[[#This Row],[sabado, 13 de junio 2026]],#REF!,10,0) -> #REF! | F8: =VLOOKUP(Tabla425[[#This Row],[sabado, 13 de junio 2026]],'CORREOS 01'!A:B,2,0) -> #N/A | G8: =VLOOKUP(Tabla425[[#This Row],[Facilitador Comfandi]],#REF!,2,0) -> #REF! | H8: =IFERROR(VLOOKUP(Tabla425[[#This Row],[UES]],'Directorio Infraestructura'!$A$37:$D$41,4,0),"") | I8: =IF(Tabla425[[#This Row],[Ciudad]]="Cali",'Directorio Infraestructura'!$B$31,'Directorio Infraestructura'!$B$32) -> #N/A
B9: =VLOOKUP(Tabla425[[#This Row],[sabado, 13 de junio 2026]],'Cronog Junio 2026'!B:AT,4,0) -> #N/A | C9: =VLOOKUP(Tabla425[[#This Row],[sabado, 13 de junio 2026]],'Cronog Junio 2026'!B:AT,6,0) -> #N/A | D9: =VLOOKUP(Tabla425[[#This Row],[sabado, 13 de junio 2026]],'Cronog Junio 2026'!B:AT,2,0) -> #N/A | E9: =VLOOKUP(Tabla425[[#This Row],[sabado, 13 de junio 2026]],#REF!,10,0) -> #REF! | F9: =VLOOKUP(Tabla425[[#This Row],[sabado, 13 de junio 2026]],'CORREOS 01'!A:B,2,0) -> #N/A | G9: =VLOOKUP(Tabla425[[#This Row],[Facilitador Comfandi]],#REF!,2,0) -> #REF! | H9: =IFERROR(VLOOKUP(Tabla425[[#This Row],[UES]],'Directorio Infraestructura'!$A$37:$D$41,4,0),"") | I9: =IF(Tabla425[[#This Row],[Ciudad]]="Cali",'Directorio Infraestructura'!$B$31,'Directorio Infraestructura'!$B$32) -> #N/A
B10: =VLOOKUP(Tabla425[[#This Row],[sabado, 13 de junio 2026]],'Cronog Junio 2026'!B:AT,4,0) -> #N/A | C10: =VLOOKUP(Tabla425[[#This Row],[sabado, 13 de junio 2026]],'Cronog Junio 2026'!B:AT,6,0) -> #N/A | D10: =VLOOKUP(Tabla425[[#This Row],[sabado, 13 de junio 2026]],'Cronog Junio 2026'!B:AT,2,0) -> #N/A | E10: =VLOOKUP(Tabla425[[#This Row],[sabado, 13 de junio 2026]],#REF!,10,0) -> #REF! | F10: =VLOOKUP(Tabla425[[#This Row],[sabado, 13 de junio 2026]],'CORREOS 01'!A:B,2,0) -> #N/A | G10: =VLOOKUP(Tabla425[[#This Row],[Facilitador Comfandi]],#REF!,2,0) -> #REF! | H10: =IFERROR(VLOOKUP(Tabla425[[#This Row],[UES]],'Directorio Infraestructura'!$A$37:$D$41,4,0),"") | I10: =IF(Tabla425[[#This Row],[Ciudad]]="Cali",'Directorio Infraestructura'!$B$31,'Directorio Infraestructura'!$B$32) -> #N/A
B11: =VLOOKUP(Tabla425[[#This Row],[sabado, 13 de junio 2026]],'Cronog Junio 2026'!B:AT,4,0) -> #N/A | C11: =VLOOKUP(Tabla425[[#This Row],[sabado, 13 de junio 2026]],'Cronog Junio 2026'!B:AT,6,0) -> #N/A | D11: =VLOOKUP(Tabla425[[#This Row],[sabado, 13 de junio 2026]],'Cronog Junio 2026'!B:AT,2,0) -> #N/A | E11: =VLOOKUP(Tabla425[[#This Row],[sabado, 13 de junio 2026]],#REF!,10,0) -> #REF! | F11: =VLOOKUP(Tabla425[[#This Row],[sabado, 13 de junio 2026]],'CORREOS 01'!A:B,2,0) -> #N/A | G11: =VLOOKUP(Tabla425[[#This Row],[Facilitador Comfandi]],#REF!,2,0) -> #REF! | H11: =IFERROR(VLOOKUP(Tabla425[[#This Row],[UES]],'Directorio Infraestructura'!$A$37:$D$41,4,0),"") | I11: =IF(Tabla425[[#This Row],[Ciudad]]="Cali",'Directorio Infraestructura'!$B$31,'Directorio Infraestructura'!$B$32) -> #N/A
B12: =VLOOKUP(Tabla425[[#This Row],[sabado, 13 de junio 2026]],'Cronog Junio 2026'!B:AT,4,0) -> #N/A | C12: =VLOOKUP(Tabla425[[#This Row],[sabado, 13 de junio 2026]],'Cronog Junio 2026'!B:AT,6,0) -> #N/A | D12: =VLOOKUP(Tabla425[[#This Row],[sabado, 13 de junio 2026]],'Cronog Junio 2026'!B:AT,2,0) -> #N/A | E12: =VLOOKUP(Tabla425[[#This Row],[sabado, 13 de junio 2026]],#REF!,10,0) -> #REF! | F12: =VLOOKUP(Tabla425[[#This Row],[sabado, 13 de junio 2026]],'CORREOS 01'!A:B,2,0) -> #N/A | G12: =VLOOKUP(Tabla425[[#This Row],[Facilitador Comfandi]],#REF!,2,0) -> #REF! | H12: =IFERROR(VLOOKUP(Tabla425[[#This Row],[UES]],'Directorio Infraestructura'!$A$37:$D$41,4,0),"") | I12: =IF(Tabla425[[#This Row],[Ciudad]]="Cali",'Directorio Infraestructura'!$B$31,'Directorio Infraestructura'!$B$32) -> #N/A
B13: =VLOOKUP(Tabla425[[#This Row],[sabado, 13 de junio 2026]],'Cronog Junio 2026'!B:AT,4,0) -> #N/A | C13: =VLOOKUP(Tabla425[[#This Row],[sabado, 13 de junio 2026]],'Cronog Junio 2026'!B:AT,6,0) -> #N/A | D13: =VLOOKUP(Tabla425[[#This Row],[sabado, 13 de junio 2026]],'Cronog Junio 2026'!B:AT,2,0) -> #N/A | E13: =VLOOKUP(Tabla425[[#This Row],[sabado, 13 de junio 2026]],#REF!,10,0) -> #REF! | F13: =VLOOKUP(Tabla425[[#This Row],[sabado, 13 de junio 2026]],'CORREOS 01'!A:B,2,0) -> #N/A | G13: =VLOOKUP(Tabla425[[#This Row],[Facilitador Comfandi]],#REF!,2,0) -> #REF! | H13: =IFERROR(VLOOKUP(Tabla425[[#This Row],[UES]],'Directorio Infraestructura'!$A$37:$D$41,4,0),"") | I13: =IF(Tabla425[[#This Row],[Ciudad]]="Cali",'Directorio Infraestructura'!$B$31,'Directorio Infraestructura'!$B$32) -> #N/A
A16: viernes, 12 Junio de 2026 | B16: Ciudad | C16: UES | D16: Supervisor a Cargo | E16: Facilitador Comfandi | F16: Correo Sede | G16: Correo Facilitador | H16: CORREO UES | I16: SEGURIDAD CORPORATIVA | J16: CORREOS A NIVEL CENTRAL | K16: CORREOS BRILLASEO
A17: Colegio Municipal | B17: =VLOOKUP(Tabla4252[[#This Row],[viernes, 12 Junio de 2026]],'Cronog Junio 2026'!B:AT,4,0) -> Cali | C17: =VLOOKUP(Tabla4252[[#This Row],[viernes, 12 Junio de 2026]],'Cronog Junio 2026'!B:AT,6,0) -> EDUCACION | D17: =VLOOKUP(Tabla4252[[#This Row],[viernes, 12 Junio de 2026]],'Cronog Junio 2026'!B:AT,2,0) -> Bryan A. Urbano | E17: Brayan Ardila | F17: =VLOOKUP(Tabla4252[[#This Row],[viernes, 12 Junio de 2026]],'CORREOS 01'!A:B,2,0) -> carloscaballero@comfandi.com.co;dianaarboleda@comfandi.com.co | G17: cesarfranco@comfandi.com.co' | H17: =IFERROR(VLOOKUP(Tabla4252[[#This Row],[UES]],'Directorio Infraestructura'!$A$37:$D$41,4,0),"") -> fernandamartinez@comfandi.com.co; marygonzalez@comfandi.com.co; | I17: =IF(Tabla4252[[#This Row],[Ciudad]]="Cali",'Directorio Infraestructura'!$B$31,'Directorio Infraestructura'!$B$32) -> centralmonitorprado@comfandi.com.co | J17: ='Directorio Infraestructura'!$B$48 -> francygaleano@comfandi.com.co; viviansramirez@comfandi.com.co; jansengiraldo@comfandi.com.co; brayanardila@comfandi.com.co; leonardosarria@comfandi.com.co; aprendizmantenimiento1@comfandi.com.co;sebastianarias@comfandi.com.co;hectorcaicedo@comfandi.com.co; mariamartinez@comfandi.com.co; yubizanvelasco@comfandi.com.co | K17: ='Directorio Infraestructura'!$B$49 -> analista1sst.comfandi@brillaseo.com; jhaidy.ruiz@brillaseo.com; almacen1.comfandi@brillaseo.com; alejandro.marin@brillaseo.co;andres.ramirez@brillaseo.co;bryan.martinez@brillaseo.co;adrian.restrepo@brillaseo.co
A18: Colegio Miraflores Sede Bachillerato | B18: =VLOOKUP(Tabla4252[[#This Row],[viernes, 12 Junio de 2026]],'Cronog Junio 2026'!B:AT,4,0) -> Cali | C18: =VLOOKUP(Tabla4252[[#This Row],[viernes, 12 Junio de 2026]],'Cronog Junio 2026'!B:AT,6,0) -> EDUCACION | D18: =VLOOKUP(Tabla4252[[#This Row],[viernes, 12 Junio de 2026]],'Cronog Junio 2026'!B:AT,2,0) -> Bryan A. Urbano | E18: Brayan Ardila | F18: =VLOOKUP(Tabla4252[[#This Row],[viernes, 12 Junio de 2026]],'CORREOS 01'!A:B,2,0) -> colegiomiraflores@comfandi.com.co;dianaarboleda@comfandi.com.co | H18: =IFERROR(VLOOKUP(Tabla4252[[#This Row],[UES]],'Directorio Infraestructura'!$A$37:$D$41,4,0),"") -> fernandamartinez@comfandi.com.co; marygonzalez@comfandi.com.co; | I18: =IF(Tabla4252[[#This Row],[Ciudad]]="Cali",'Directorio Infraestructura'!$B$31,'Directorio Infraestructura'!$B$32) -> centralmonitorprado@comfandi.com.co
A19: Campus E Centro (Fomento Piso 3) | B19: =VLOOKUP(Tabla4252[[#This Row],[viernes, 12 Junio de 2026]],'Cronog Junio 2026'!B:AT,4,0) -> Cali | C19: =VLOOKUP(Tabla4252[[#This Row],[viernes, 12 Junio de 2026]],'Cronog Junio 2026'!B:AT,6,0) -> EDUCACION | D19: =VLOOKUP(Tabla4252[[#This Row],[viernes, 12 Junio de 2026]],'Cronog Junio 2026'!B:AT,2,0) -> Bryan A. Urbano | E19: Brayan Ardila | H19: =IFERROR(VLOOKUP(Tabla4252[[#This Row],[UES]],'Directorio Infraestructura'!$A$37:$D$41,4,0),"") -> fernandamartinez@comfandi.com.co; marygonzalez@comfandi.com.co; | I19: =IF(Tabla4252[[#This Row],[Ciudad]]="Cali",'Directorio Infraestructura'!$B$31,'Directorio Infraestructura'!$B$32) -> centralmonitorprado@comfandi.com.co
A20: IETDH San Nicolas | B20: =VLOOKUP(Tabla4252[[#This Row],[viernes, 12 Junio de 2026]],'Cronog Junio 2026'!B:AT,4,0) -> Cali | C20: =VLOOKUP(Tabla4252[[#This Row],[viernes, 12 Junio de 2026]],'Cronog Junio 2026'!B:AT,6,0) -> EDUCACION | D20: =VLOOKUP(Tabla4252[[#This Row],[viernes, 12 Junio de 2026]],'Cronog Junio 2026'!B:AT,2,0) -> Bryan A. Urbano | E20: Brayan Ardila | H20: =IFERROR(VLOOKUP(Tabla4252[[#This Row],[UES]],'Directorio Infraestructura'!$A$37:$D$41,4,0),"") -> fernandamartinez@comfandi.com.co; marygonzalez@comfandi.com.co; | I20: =IF(Tabla4252[[#This Row],[Ciudad]]="Cali",'Directorio Infraestructura'!$B$31,'Directorio Infraestructura'!$B$32) -> centralmonitorprado@comfandi.com.co
A21: Drogueria Valle del Lili II | B21: =VLOOKUP(Tabla4252[[#This Row],[viernes, 12 Junio de 2026]],'Cronog Junio 2026'!B:AT,4,0) -> Cali | C21: =VLOOKUP(Tabla4252[[#This Row],[viernes, 12 Junio de 2026]],'Cronog Junio 2026'!B:AT,6,0) -> MERCADEO | D21: =VLOOKUP(Tabla4252[[#This Row],[viernes, 12 Junio de 2026]],'Cronog Junio 2026'!B:AT,2,0) -> Andres Carrillo | E21: Cesar Franco | F21: =VLOOKUP(Tabla4252[[#This Row],[viernes, 12 Junio de 2026]],'CORREOS 01'!A:B,2,0) -> drogvalledellili2@comfandi.com.co | H21: =IFERROR(VLOOKUP(Tabla4252[[#This Row],[UES]],'Directorio Infraestructura'!$A$37:$D$41,4,0),"") -> erikamogollon@comfandi.com.co; williamobando@comfandi.com.co | I21: =IF(Tabla4252[[#This Row],[Ciudad]]="Cali",'Directorio Infraestructura'!$B$31,'Directorio Infraestructura'!$B$32) -> centralmonitorprado@comfandi.com.co
A22: Drogueria Carrera 35 | B22: =VLOOKUP(Tabla4252[[#This Row],[viernes, 12 Junio de 2026]],'Cronog Junio 2026'!B:AT,4,0) -> Tulua | C22: =VLOOKUP(Tabla4252[[#This Row],[viernes, 12 Junio de 2026]],'Cronog Junio 2026'!B:AT,6,0) -> MERCADEO | D22: Arnol Urrego Angel | E22: Cesar Franco | F22: =VLOOKUP(Tabla4252[[#This Row],[viernes, 12 Junio de 2026]],'CORREOS 01'!A:B,2,0) -> drogueriacarrera35@comfandi.com.co | H22: =IFERROR(VLOOKUP(Tabla4252[[#This Row],[UES]],'Directorio Infraestructura'!$A$37:$D$41,4,0),"") -> erikamogollon@comfandi.com.co; williamobando@comfandi.com.co | I22: =IF(Tabla4252[[#This Row],[Ciudad]]="Cali",'Directorio Infraestructura'!$B$31,'Directorio Infraestructura'!$B$32) -> jairoescalante@comfandi.com.co
A23: Edificio Administración Tuluá | B23: =VLOOKUP(Tabla4252[[#This Row],[viernes, 12 Junio de 2026]],'Cronog Junio 2026'!B:AT,4,0) -> Tulua | C23: =VLOOKUP(Tabla4252[[#This Row],[viernes, 12 Junio de 2026]],'Cronog Junio 2026'!B:AT,6,0) -> ADMINISTRATIVO | D23: Arnol Urrego Angel | E23: Carlos Posada | F23: =VLOOKUP(Tabla4252[[#This Row],[viernes, 12 Junio de 2026]],'CORREOS 01'!A:B,2,0) -> cenobialoaiza@comfandi.com.co | H23: =IFERROR(VLOOKUP(Tabla4252[[#This Row],[UES]],'Directorio Infraestructura'!$A$37:$D$41,4,0),"") | I23: =IF(Tabla4252[[#This Row],[Ciudad]]="Cali",'Directorio Infraestructura'!$B$31,'Directorio Infraestructura'!$B$32) -> jairoescalante@comfandi.com.co
H24: =IFERROR(VLOOKUP(Tabla4252[[#This Row],[UES]],'Directorio Infraestructura'!$A$37:$D$41,4,0),"") | I24: =IF(Tabla4252[[#This Row],[Ciudad]]="Cali",'Directorio Infraestructura'!$B$31,'Directorio Infraestructura'!$B$32) -> jairoescalante@comfandi.com.co
H25: =IFERROR(VLOOKUP(Tabla4252[[#This Row],[UES]],'Directorio Infraestructura'!$A$37:$D$41,4,0),"") | I25: =IF(Tabla4252[[#This Row],[Ciudad]]="Cali",'Directorio Infraestructura'!$B$31,'Directorio Infraestructura'!$B$32) -> jairoescalante@comfandi.com.co
H26: =IFERROR(VLOOKUP(Tabla4252[[#This Row],[UES]],'Directorio Infraestructura'!$A$37:$D$41,4,0),"") | I26: =IF(Tabla4252[[#This Row],[Ciudad]]="Cali",'Directorio Infraestructura'!$B$31,'Directorio Infraestructura'!$B$32) -> jairoescalante@comfandi.com.co
A29: jueves, 11 junio 2026 | B29: Ciudad | C29: UES | D29: Supervisor a Cargo | E29: Facilitador Comfandi | F29: Correo Sede | G29: Correo Facilitador | H29: CORREO UES | I29: SEGURIDAD CORPORATIVA | J29: CORREOS A NIVEL CENTRAL | K29: CORREOS BRILLASEO
A30: Drogueria Valle del Lili | B30: =VLOOKUP(Tabla4254[[#This Row],[jueves, 11 junio 2026]],'Cronog Junio 2026'!B:AT,4,0) -> Cali | C30: =VLOOKUP(Tabla4254[[#This Row],[jueves, 11 junio 2026]],'Cronog Junio 2026'!B:AT,6,0) -> MERCADEO | D30: =VLOOKUP(Tabla4254[[#This Row],[jueves, 11 junio 2026]],'Cronog Junio 2026'!B:AT,2,0) -> Andres Carrillo | E30: Cesar Franco | F30: =VLOOKUP(Tabla4254[[#This Row],[jueves, 11 junio 2026]],'CORREOS 01'!A:B,2,0) -> drogueriavallelili@comfandi.com.co | G30: cesarfranco@comfandi.com.co' | H30: =IFERROR(VLOOKUP(Tabla4254[[#This Row],[UES]],'Directorio Infraestructura'!$A$37:$D$41,4,0),"") -> erikamogollon@comfandi.com.co; williamobando@comfandi.com.co | I30: =IF(Tabla4254[[#This Row],[Ciudad]]="Cali",'Directorio Infraestructura'!$B$31,'Directorio Infraestructura'!$B$32) -> centralmonitorprado@comfandi.com.co | J30: ='Directorio Infraestructura'!$B$48 -> francygaleano@comfandi.com.co; viviansramirez@comfandi.com.co; jansengiraldo@comfandi.com.co; brayanardila@comfandi.com.co; leonardosarria@comfandi.com.co; aprendizmantenimiento1@comfandi.com.co;sebastianarias@comfandi.com.co;hectorcaicedo@comfandi.com.co; mariamartinez@comfandi.com.co; yubizanvelasco@comfandi.com.co | K30: ='Directorio Infraestructura'!$B$49 -> analista1sst.comfandi@brillaseo.com; jhaidy.ruiz@brillaseo.com; almacen1.comfandi@brillaseo.com; alejandro.marin@brillaseo.co;andres.ramirez@brillaseo.co;bryan.martinez@brillaseo.co;adrian.restrepo@brillaseo.co
A31: Ips Salud Integral Amiga | B31: =VLOOKUP(Tabla4254[[#This Row],[jueves, 11 junio 2026]],'Cronog Junio 2026'!B:AT,4,0) -> Cali | C31: =VLOOKUP(Tabla4254[[#This Row],[jueves, 11 junio 2026]],'Cronog Junio 2026'!B:AT,6,0) -> SALUD | D31: =VLOOKUP(Tabla4254[[#This Row],[jueves, 11 junio 2026]],'Cronog Junio 2026'!B:AT,2,0) -> Andres Carrillo | E31: Albeiro Duran | F31: =VLOOKUP(Tabla4254[[#This Row],[jueves, 11 junio 2026]],'CORREOS 01'!A:B,2,0) -> citassia@comfandi.com.co;mjosefacastro@comfandi.com.co | H31: =IFERROR(VLOOKUP(Tabla4254[[#This Row],[UES]],'Directorio Infraestructura'!$A$37:$D$41,4,0),"") -> gloriayepes@comfandi.com.co | I31: =IF(Tabla4254[[#This Row],[Ciudad]]="Cali",'Directorio Infraestructura'!$B$31,'Directorio Infraestructura'!$B$32) -> centralmonitorprado@comfandi.com.co
A32: Biblioteca Buga Adultos FTDH | B32: =VLOOKUP(Tabla4254[[#This Row],[jueves, 11 junio 2026]],'Cronog Junio 2026'!B:AT,4,0) -> Buga | C32: =VLOOKUP(Tabla4254[[#This Row],[jueves, 11 junio 2026]],'Cronog Junio 2026'!B:AT,6,0) -> EDUCACION | D32: =VLOOKUP(Tabla4254[[#This Row],[jueves, 11 junio 2026]],'Cronog Junio 2026'!B:AT,2,0) -> Sebastian andres padilla | E32: Jairo Arboleda | F32: =VLOOKUP(Tabla4254[[#This Row],[jueves, 11 junio 2026]],'CORREOS 01'!A:B,2,0) -> directorcolegiobuga@comfandi.com.co; dianaarboleda@comfandi.com.co | G32: =VLOOKUP(Tabla4254[[#This Row],[Facilitador Comfandi]],#REF!,2,0) -> #REF! | H32: =IFERROR(VLOOKUP(Tabla4254[[#This Row],[UES]],'Directorio Infraestructura'!$A$37:$D$41,4,0),"") -> fernandamartinez@comfandi.com.co; marygonzalez@comfandi.com.co; | I32: =IF(Tabla4254[[#This Row],[Ciudad]]="Cali",'Directorio Infraestructura'!$B$31,'Directorio Infraestructura'!$B$32) -> jairoescalante@comfandi.com.co
A33: Biblioteca Pública Escolar San Antonio de los Caballeros | B33: =VLOOKUP(Tabla4254[[#This Row],[jueves, 11 junio 2026]],'Cronog Junio 2026'!B:AT,4,0) -> Florida | C33: =VLOOKUP(Tabla4254[[#This Row],[jueves, 11 junio 2026]],'Cronog Junio 2026'!B:AT,6,0) -> EDUCACIÓN | D33: =VLOOKUP(Tabla4254[[#This Row],[jueves, 11 junio 2026]],'Cronog Junio 2026'!B:AT,2,0) -> Hans Blake Salas Millan | E33: Jairo Arboleda | F33: =VLOOKUP(Tabla4254[[#This Row],[jueves, 11 junio 2026]],'CORREOS 01'!A:B,2,0) -> libardodiaz@comfandi.com.co;dianaarboleda@comfandi.com.co | G33: =VLOOKUP(Tabla4254[[#This Row],[Facilitador Comfandi]],#REF!,2,0) -> #REF! | H33: =IFERROR(VLOOKUP(Tabla4254[[#This Row],[UES]],'Directorio Infraestructura'!$A$37:$D$41,4,0),"") | I33: =IF(Tabla4254[[#This Row],[Ciudad]]="Cali",'Directorio Infraestructura'!$B$31,'Directorio Infraestructura'!$B$32) -> jairoescalante@comfandi.com.co
B34: =VLOOKUP(Tabla4254[[#This Row],[jueves, 11 junio 2026]],'Cronog Junio 2026'!B:AT,4,0) -> #N/A | C34: =VLOOKUP(Tabla4254[[#This Row],[jueves, 11 junio 2026]],'Cronog Junio 2026'!B:AT,6,0) -> #N/A | D34: =VLOOKUP(Tabla4254[[#This Row],[jueves, 11 junio 2026]],'Cronog Junio 2026'!B:AT,2,0) -> #N/A | E34: =VLOOKUP(Tabla4254[[#This Row],[jueves, 11 junio 2026]],#REF!,10,0) -> #REF! | F34: =VLOOKUP(Tabla4254[[#This Row],[jueves, 11 junio 2026]],'CORREOS 01'!A:B,2,0) -> #N/A | G34: =VLOOKUP(Tabla4254[[#This Row],[Facilitador Comfandi]],#REF!,2,0) -> #REF! | H34: =IFERROR(VLOOKUP(Tabla4254[[#This Row],[UES]],'Directorio Infraestructura'!$A$37:$D$41,4,0),"") | I34: =IF(Tabla4254[[#This Row],[Ciudad]]="Cali",'Directorio Infraestructura'!$B$31,'Directorio Infraestructura'!$B$32) -> #N/A
B35: =VLOOKUP(Tabla4254[[#This Row],[jueves, 11 junio 2026]],'Cronog Junio 2026'!B:AT,4,0) -> #N/A | C35: =VLOOKUP(Tabla4254[[#This Row],[jueves, 11 junio 2026]],'Cronog Junio 2026'!B:AT,6,0) -> #N/A | D35: =VLOOKUP(Tabla4254[[#This Row],[jueves, 11 junio 2026]],'Cronog Junio 2026'!B:AT,2,0) -> #N/A | E35: =VLOOKUP(Tabla4254[[#This Row],[jueves, 11 junio 2026]],#REF!,10,0) -> #REF! | F35: =VLOOKUP(Tabla4254[[#This Row],[jueves, 11 junio 2026]],'CORREOS 01'!A:B,2,0) -> #N/A | G35: =VLOOKUP(Tabla4254[[#This Row],[Facilitador Comfandi]],#REF!,2,0) -> #REF! | H35: =IFERROR(VLOOKUP(Tabla4254[[#This Row],[UES]],'Directorio Infraestructura'!$A$37:$D$41,4,0),"") | I35: =IF(Tabla4254[[#This Row],[Ciudad]]="Cali",'Directorio Infraestructura'!$B$31,'Directorio Infraestructura'!$B$32) -> #N/A
B36: =VLOOKUP(Tabla4254[[#This Row],[jueves, 11 junio 2026]],'Cronog Junio 2026'!B:AT,4,0) -> #N/A | C36: =VLOOKUP(Tabla4254[[#This Row],[jueves, 11 junio 2026]],'Cronog Junio 2026'!B:AT,6,0) -> #N/A | D36: =VLOOKUP(Tabla4254[[#This Row],[jueves, 11 junio 2026]],'Cronog Junio 2026'!B:AT,2,0) -> #N/A | E36: =VLOOKUP(Tabla4254[[#This Row],[jueves, 11 junio 2026]],#REF!,10,0) -> #REF! | F36: =VLOOKUP(Tabla4254[[#This Row],[jueves, 11 junio 2026]],'CORREOS 01'!A:B,2,0) -> #N/A | G36: =VLOOKUP(Tabla4254[[#This Row],[Facilitador Comfandi]],#REF!,2,0) -> #REF! | H36: =IFERROR(VLOOKUP(Tabla4254[[#This Row],[UES]],'Directorio Infraestructura'!$A$37:$D$41,4,0),"") | I36: =IF(Tabla4254[[#This Row],[Ciudad]]="Cali",'Directorio Infraestructura'!$B$31,'Directorio Infraestructura'!$B$32) -> #N/A
B37: =VLOOKUP(Tabla4254[[#This Row],[jueves, 11 junio 2026]],'Cronog Junio 2026'!B:AT,4,0) -> #N/A | C37: =VLOOKUP(Tabla4254[[#This Row],[jueves, 11 junio 2026]],'Cronog Junio 2026'!B:AT,6,0) -> #N/A | D37: =VLOOKUP(Tabla4254[[#This Row],[jueves, 11 junio 2026]],'Cronog Junio 2026'!B:AT,2,0) -> #N/A | E37: =VLOOKUP(Tabla4254[[#This Row],[jueves, 11 junio 2026]],#REF!,10,0) -> #REF! | F37: =VLOOKUP(Tabla4254[[#This Row],[jueves, 11 junio 2026]],'CORREOS 01'!A:B,2,0) -> #N/A | G37: =VLOOKUP(Tabla4254[[#This Row],[Facilitador Comfandi]],#REF!,2,0) -> #REF! | H37: =IFERROR(VLOOKUP(Tabla4254[[#This Row],[UES]],'Directorio Infraestructura'!$A$37:$D$41,4,0),"") | I37: =IF(Tabla4254[[#This Row],[Ciudad]]="Cali",'Directorio Infraestructura'!$B$31,'Directorio Infraestructura'!$B$32) -> #N/A
B38: =VLOOKUP(Tabla4254[[#This Row],[jueves, 11 junio 2026]],'Cronog Junio 2026'!B:AT,4,0) -> #N/A | C38: =VLOOKUP(Tabla4254[[#This Row],[jueves, 11 junio 2026]],'Cronog Junio 2026'!B:AT,6,0) -> #N/A | D38: =VLOOKUP(Tabla4254[[#This Row],[jueves, 11 junio 2026]],'Cronog Junio 2026'!B:AT,2,0) -> #N/A | E38: =VLOOKUP(Tabla4254[[#This Row],[jueves, 11 junio 2026]],#REF!,10,0) -> #REF! | F38: =VLOOKUP(Tabla4254[[#This Row],[jueves, 11 junio 2026]],'CORREOS 01'!A:B,2,0) -> #N/A | G38: =VLOOKUP(Tabla4254[[#This Row],[Facilitador Comfandi]],#REF!,2,0) -> #REF! | H38: =IFERROR(VLOOKUP(Tabla4254[[#This Row],[UES]],'Directorio Infraestructura'!$A$37:$D$41,4,0),"") | I38: =IF(Tabla4254[[#This Row],[Ciudad]]="Cali",'Directorio Infraestructura'!$B$31,'Directorio Infraestructura'!$B$32) -> #N/A
B39: =VLOOKUP(Tabla4254[[#This Row],[jueves, 11 junio 2026]],'Cronog Junio 2026'!B:AT,4,0) -> #N/A | C39: =VLOOKUP(Tabla4254[[#This Row],[jueves, 11 junio 2026]],'Cronog Junio 2026'!B:AT,6,0) -> #N/A | D39: =VLOOKUP(Tabla4254[[#This Row],[jueves, 11 junio 2026]],'Cronog Junio 2026'!B:AT,2,0) -> #N/A | E39: =VLOOKUP(Tabla4254[[#This Row],[jueves, 11 junio 2026]],#REF!,10,0) -> #REF! | F39: =VLOOKUP(Tabla4254[[#This Row],[jueves, 11 junio 2026]],'CORREOS 01'!A:B,2,0) -> #N/A | G39: =VLOOKUP(Tabla4254[[#This Row],[Facilitador Comfandi]],#REF!,2,0) -> #REF! | H39: =IFERROR(VLOOKUP(Tabla4254[[#This Row],[UES]],'Directorio Infraestructura'!$A$37:$D$41,4,0),"") | I39: =IF(Tabla4254[[#This Row],[Ciudad]]="Cali",'Directorio Infraestructura'!$B$31,'Directorio Infraestructura'!$B$32) -> #N/A

Sheet CORREOS 01
A1: ZONA-CENTRO
A2: Edificio Comfandi El Prado | B2: =VLOOKUP(A2,'Directorio comf+ zon'!B:J,9,0) -> dianaramos@comfandi.com.co
A3: Colegio El Prado Sede Bachillerato | B3: =VLOOKUP(A3,'Directorio comf+ zon'!B:J,9,0) -> maritzamedina@comfandi.com.co;dianaarboleda@comfandi.com.co
A4: Ips Comfandi El Prado | B4: =VLOOKUP(A4,'Directorio comf+ zon'!B:J,9,0) -> mjosefacastro@comfandi.com.co
A5: Centro Campestre Comfandi Arroyohondo | B5: =VLOOKUP(A5,'Directorio comf+ zon'!B:J,9,0) -> luzmarinacastro@comfandi.com.co; luissierra@comfandi.com.co
A6: Colegio Yumbo | B6: =VLOOKUP(A6,'Directorio comf+ zon'!B:J,9,0) -> colegioyumbo@comfandi.com.co; julianbetancourth@comfandi.com.co;dianaarboleda@comfandi.com.co
A7: Ips Comfandi Torres | B7: =VLOOKUP(A7,'Directorio comf+ zon'!B:J,9,0) -> diripstorres@comfandi.com.co
A8: Drogueria Av. 6 La Flora 2 | B8: =VLOOKUP(A8,'Directorio comf+ zon'!B:J,9,0) -> droguerialaflora2@comfandi.com.co
A9: Drogueria Av. Sexta | B9: =VLOOKUP(A9,'Directorio comf+ zon'!B:J,9,0) -> drogueriaavsexta@comfandi.com.co
A10: Droguería Centenario | B10: =VLOOKUP(A10,'Directorio comf+ zon'!B:J,9,0) -> drogcentenario@comfandi.com.co
A11: Drogueria Chipichape | B11: =VLOOKUP(A11,'Directorio comf+ zon'!B:J,9,0) -> drogueriachipichape@comfandi.com.co
A12: Drogueria Clinica de Occidente | B12: =VLOOKUP(A12,'Directorio comf+ zon'!B:J,9,0) -> drogueriaclinicaoccidente@comfandi.com.co
A13: Drogueria Clinica Remedios | B13: =VLOOKUP(A13,'Directorio comf+ zon'!B:J,9,0) -> droguerialosremedios@comfandi.com.co
... A20: Colegio Miraflores Sede Bachillerato | B20: =VLOOKUP(A20,'Directorio comf+ zon'!B:J,9,0) -> colegiomiraflores@comfandi.com.co;dianaarboleda@comfandi.com.co
A21: Campus E Centro
A22: Campus E Centro (Fomento Piso 3)
A23: Colegio Calipso | B23: =VLOOKUP(A23,'Directorio comf+ zon'!B:J,9,0) -> colegiocalipso@comfandi.com.co; marycuellar@comfandi.com.co; secrecolegiocalipso@comfandi.com.co;dianaarboleda@comfandi.com.co
A24: Colegio San Nicolas - Biblioteca - Auditorio | B24: =VLOOKUP(A24,'Directorio comf+ zon'!B:J,9,0) -> carloscaballero@comfandi.com.co; oscarcastillo@comfandi.com.co;dianaarboleda@comfandi.com.co
A25: Ips Comfandi San Nicolas | B25: =VLOOKUP(A25,'Directorio comf+ zon'!B:J,9,0) -> diripssannicolas@comfandi.com.co; auxtecnovigilancia@comfandi.com.co; luzkarimeramos@comfandi.com.co; astridsierra@comfandi.com.co; geillilusierra@comfandi.com.co; tatianaalzate@comfandi.com.co; Lilianatovar@comfandi.com.co
A26: IETDH San Nicolas
A27: Colegio El Prado Sede Bachillerato (Móvil)
A28: Centro Campestre Comfandi Pance | B28: =VLOOKUP(A28,'Directorio comf+ zon'!B:J,9,0) -> recreacionpance@comfandi.com.co
A29: Clinica Comfandi Tequendama | B29: =VLOOKUP(A29,'Directorio comf+ zon'!B:J,9,0) -> drogclinicatequendama@comfandi.com.co
A30: Laboratorio Especializado | B30: =VLOOKUP(A30,'Directorio comf+ zon'!B:J,9,0) -> lilianatovar@comfandi.com.co
A31: Drogueria Cañas Gordas | B31: =VLOOKUP(A31,'Directorio comf+ zon'!B:J,9,0) -> drogcanasgordas@comfandi.com.co
A32: Droguería Cañaveralejo | B32: =VLOOKUP(A32,'Directorio comf+ zon'!B:J,9,0) -> drogcanaveralejo@comfandi.com.co
A33: Drogueria Cerros Plaza | B33: =VLOOKUP(A33,'Directorio comf+ zon'!B:J,9,0) -> drogueriacerrosplaza@comfandi.com.co
A34: Drogueria Clinica Vida | B34: =VLOOKUP(A34,'Directorio comf+ zon'!B:J,9,0) -> drogueriaclinicavida@comfandi.com.co
A35: Drogueria Cll 25 EDS Caney | B35: =VLOOKUP(A35,'Directorio comf+ zon'!B:J,9,0) -> drogueriaedscaney@comfandi.com.co
A36: Drogueria Morichal | B36: =VLOOKUP(A36,'Directorio comf+ zon'!B:J,9,0) -> drogueriamorichal@comfandi.com.co
A37: Drogueria Podium | B37: =VLOOKUP(A37,'Directorio comf+ zon'!B:J,9,0) -> drogueriapodium@comfandi.com.co
A38: Drogueria San Fernando | B38: =VLOOKUP(A38,'Directorio comf+ zon'!B:J,9,0) -> drogueriasanfernando@comfandi.com.co
A39: Drogueria San Joaquín | B39: =VLOOKUP(A39,'Directorio comf+ zon'!B:J,9,0) -> drogsanjoaquin@comfandi.com.co
... A56: Colegio El Lago | B56: =VLOOKUP(A56,'Directorio comf+ zon'!B:J,9,0) -> directoracolegiostulua@comfandi.com.co;dianaarboleda@comfandi.com.co
A57: Biblioteca Colegio El Lago
A58: Clinica Comfandi Cartago | B58: =VLOOKUP(A58,'Directorio comf+ zon'!B:J,9,0) -> direccionipscartago@comfandi.com.co
A59: Clinica e IPS Comfandi Palmira
A60: Drogueria Aeropuerto | B60: =VLOOKUP(A60,'Directorio comf+ zon'!B:J,9,0) -> drogueriaaeropuerto@comfandi.com.co
A61: Drogueria Buga Principal | B61: =VLOOKUP(A61,'Directorio comf+ zon'!B:J,9,0) -> drogueriabugaprincipal@comfandi.com.co
A62: Drogueria Bugalagrande | B62: =VLOOKUP(A62,'Directorio comf+ zon'!B:J,9,0) -> drogbugalagrande@comfandi.com.co
A63: Drogueria Carrera 35 | B63: =VLOOKUP(A63,'Directorio comf+ zon'!B:J,9,0) -> drogueriacarrera35@comfandi.com.co
A64: Drogueria Cartago Principal | B64: =VLOOKUP(A64,'Directorio comf+ zon'!B:J,9,0) -> drogueriaprincipalcartago@comfandi.com.co
A65: Centro Recreativo Buga | B65: =VLOOKUP(A65,'Directorio comf+ zon'!B:J,9,0) -> centrorecreativobuga@comfandi.com.co
A66: Biblioteca Buga Adultos FTDH | B66: =VLOOKUP(A66,'Directorio comf+ zon'!B:J,9,0) -> directorcolegiobuga@comfandi.com.co; dianaarboleda@comfandi.com.co
A67: Agencia de Gestión y Colocación de Empleo Buga | B67: =VLOOKUP(A67,'Directorio comf+ zon'!B:J,9,0) -> alejandroaguirre@comfandi.com.co; juanrocha@comfandi.com.co
A68: Agencia de Gestión y Colocación de Empleo Tuluá | B68: =VLOOKUP(A68,'Directorio comf+ zon'!B:J,9,0) -> alexisrojasospina@comfandi.com.co; juanrocha@comfandi.com.co
A69: IETDH Alfonso Potes Roldan | B69: =VLOOKUP(A69,'Directorio comf+ zon'!B:J,9,0) -> norhabedoya@comfandi.com.co;dianaarboleda@comfandi.com.co
A70: Edificio Administración Tuluá | B70: =VLOOKUP(A70,'Directorio comf+ zon'!B:J,9,0) -> cenobialoaiza@comfandi.com.co
A71: Centro Campestre Tulua | B71: =VLOOKUP(A71,'Directorio comf+ zon'!B:J,9,0) -> margaritagracia@comfandi.com.co; mauriciorengifo@comfandi.com.co
... A88: Biblioteca Central Palmira | B88: =VLOOKUP(A88,'Directorio comf+ zon'!B:J,9,0) -> libardodiaz@comfandi.com.co;dianaarboleda@comfandi.com.co

Sheet Directorio comf+ zon
A1: UES | B1: SEDE COMFANDI | C1: UBICACIÓN | D1: MODELO | E1: DIRECCIÓN | F1: CONTACTO PPL. | G1: CEL. | H1: CONTACTO SUPLENTE | I1: CEL.2 | J1: CORREO AREA | K1: Facilitador Comfandi | L1: Correo-Facilitador | M1: Telefono-facilitador
A2: ADMINISTRACIÓN | B2: Edificio Comfandi El Prado | C2: Cali | D2: In House | E2: Cr 23 # 26B-46 | F2: Diana Maria Ramos | G2: 3176352332 | I2: 3340000 EXT-2514 | J2: dianaramos@comfandi.com.co | K2: Diana Maria Ramos - Jose Joaquin Delgado Granada | L2: dianaramos@comfandi.com.co;josedelgado@comfandi.com.co | M2: 3176352332-321 7556027
A3: ADMINISTRACIÓN | B3: Edificio Sede Administrativa palmira | C3: Palmira | D3: In House | E3: Cl 28 # 32-03 /05 | F3: Maria del Pilar Giraldo-CLAUDIA CASTILLO- LAIDY JANET GUAQUEX VALLEJO- | H3: Claudua castillo | I3: 2705800 ext 37104 | J3: pilargiraldo@comfandi.com.co;claudiacastillo@comfandi.com.co | K3: Jairo Arboleda | L3: jairoarboleda@comfandi.com.co | M3: 3183355665
A4: ADMINISTRACIÓN | B4: Edificio Administración Buga | C4: Buga | D4: In House | E4: CALLE 5 #16-78 | F4: LAIDY JANET GUAQUEX VALLEJO- | G4: 3184755867 | H4: TULIA EDITH MUNAR | J4: andreahernandez@comfandi.com.co | K4: Jorge Luis Londoño | L4: jorgelondono@comfandi.com.co | M4: 3184093825
A5: ADMINISTRACIÓN | B5: Edificio Administración Tuluá | C5: Tuluá | D5: Movil | E5: Cl 26 # 21-20 | F5: DANIELA NIETO | H5: Marcela Gutierez | I5: 317-6486639 | J5: cenobialoaiza@comfandi.com.co | K5: Carlos Humberto Posada | L5: mantenimientotulua@comfandi.com.co | M5: 3178929192
A6: ADMINISTRACIÓN | B6: Sede Administrativa Cartago | C6: Cartago | D6: Movil | E6: Cr 5 # 8-46 | F6: Maria del Pilar Giraldo | G6: 3162953112 | H6: Juliana Gallego | I6: 3162953112 - 36304 | J6: victoriavelasquez@comfandi.com.co;julianagallego@comfandi.com.co | K6: William A. Ramirez Yusti | L6: williamramirez@comfandi.com.co | M6: 3183355485
A7: EDUCACIÓN | B7: Biblioteca Buga Adultos FTDH | C7: Buga | D7: Movil | E7: Cr 12 Carretera Central salida sur | F7: IDALIA CUERO | H7: DIANA MARIA CIFUENTES | I7: 228 6416 – 237 5858 | J7: directorcolegiobuga@comfandi.com.co; dianaarboleda@comfandi.com.co | K7: Brayan Andres Ardila Vasquez | L7: brayanardila@comfandi.com.co | M7: 3212354912
A8: EDUCACIÓN | B8: Biblioteca Central Palmira | C8: Palmira | D8: In House | E8: Cl 32A # 28-55 - 51 | F8: Libardo de Jesus Diaz Cabrera | H8: DIEGO FERNANDO GIRON | I8: 2705800 | J8: libardodiaz@comfandi.com.co;dianaarboleda@comfandi.com.co | K8: Brayan Andres Ardila Vasquez | L8: brayanardila@comfandi.com.co | M8: 3212354912
A9: EDUCACIÓN | B9: Biblioteca Chiminangos | C9: Tuluá | D9: Movil | E9: calle 23 con carrera 7 y 7 A | F9: Claudia Patricia Tamayo | H9: Claribel Buitrago | I9: 317-2352678 | J9: claudiatamayo@comfandi.com.co;dianaarboleda@comfandi.com.co | K9: Brayan Andres Ardila Vasquez | L9: brayanardila@comfandi.com.co | M9: 3212354912
A10: EDUCACIÓN | B10: Biblioteca Florida | C10: Florida | D10: Movil | E10: Cr 21 Cl 9 esquina | F10: Libardo de Jesus Diaz Cabrera | H10: LORENA RIVAS HURTADO | I10: 313 7173714 | J10: libardodiaz@comfandi.com.co;lorenarivas@comfandi.com.co;dianaarboleda@comfandi.com.co | K10: Brayan Andres Ardila Vasquez | L10: brayanardila@comfandi.com.co | M10: 3212354912
A11: EDUCACIÓN | B11: Biblioteca Pública Escolar El Cerrito | C11: El Cerrito | D11: Movil | E11: Cl 8 # 12-44 | F11: Libardo de Jesus Diaz Cabrera | H11: KAREN VALERIA VASQUEZ | I11: 3146759986-311 3190268 | J11: libardodiaz@comfandi.com.co;karenvalencia@comfandi.com.co;dianaarboleda@comfandi.com.co | K11: Brayan Andres Ardila Vasquez | L11: brayanardila@comfandi.com.co | M11: 3212354912
A12: EDUCACIÓN | B12: Biblioteca Pública Escolar San Antonio de los Caballeros | C12: Florida | D12: Movil | E12: Urb Central Castilla Casa # 5 Correg San A | F12: Libardo de Jesus Diaz Cabrera | H12: CLAUDIA VANESSA MILLAN | I12: 322 5414535 | J12: libardodiaz@comfandi.com.co;dianaarboleda@comfandi.com.co | K12: Brayan Andres Ardila Vasquez | L12: brayanardila@comfandi.com.co | M12: 3212354912
A13: EDUCACIÓN | B13: Campus E Centro | C13: Cali | D13: Movil | E13: Cl 8 # 6-23 | F13: JULIAN COLORADO | G13: 312 826 0075 | H13: Sandra Patricia Osorio,Jose Marino Rengifo | I13: 3340000- ext-1320 | J13: juliancolorado@comfandi.com.co;auxccultural@comfandi.com.co;dianaarboleda@comfandi.com.co | K13: Brayan Andres Ardila Vasquez | L13: brayanardila@comfandi.com.co | M13: 3212354912
A14: EDUCACIÓN | B14: Centro Desarrollo Infantil Rincón de Azucar (Cgto. El placer) | C14: El Cerrito | D14: Movil | E14: Corregimiento El Placer Port de Comfandi | F14: LEIDY YOHANNA VILLADA RIAÑOS | H14: LUZ KARIME DÍAZ | I14: 317 434 9175 | J14: cdicerrito@comfandi.com.co;luzdiaz@comfandi.com.co;auxprimerainfancia@comfandi.com.co;dianaarboleda@comfandi.com.co | K14: Brayan Andres Ardila Vasquez | L14: brayanardila@comfandi.com.co | M14: 3212354912
A15: EDUCACIÓN | B15: Colegio Buga | C15: Buga | D15: Movil | E15: Cr 12 Carretera Central salida sur | F15: IDALIA CUERO | H15: DIANA MARIA CIFUENTES | I15: 228 6416 – 237 5858 | J15: directorcolegiobuga@comfandi.com.co;dianaarboleda@comfandi.com.co | K15: Brayan Andres Ardila Vasquez | L15: brayanardila@comfandi.com.co | M15: 3212354912
A16: EDUCACIÓN | B16: Colegio Calipso | C16: Cali | D16: Movil | E16: Cl 70 # 28D3-129 | F16: ALVEIRO VELASCO CASTAÑO | H16: MARTHA CECILIA IDROBO ORTEGA | I16: 4379485-4370593-3182575557 | J16: colegiocalipso@comfandi.com.co; marycuellar@comfandi.com.co; secrecolegiocalipso@comfandi.com.co;dianaarboleda@comfandi.com.co | K16: Brayan Andres Ardila Vasquez | L16: brayanardila@comfandi.com.co | M16: 3212354912
A17: EDUCACIÓN | B17: Colegio Ciudadela (Sede Primaria de Miraflores) | C17: Cali | D17: Movil | E17: Cl 34 # 83B-50 | F17: María Angélica Parra V. | G17: 3323368 | H17: Steven Dominguez Monsalve | I17: 3323368-3184153724 | J17: mariaangelicaparra@comfandi.com.co;auxacademicociudadela@comfandi.com.co;dianaarboleda@comfandi.com.co | K17: Brayan Andres Ardila Vasquez | L17: brayanardila@comfandi.com.co | M17: 3212354912
A18: EDUCACIÓN | B18: Colegio El Lago | C18: Tuluá | D18: In House | E18: Cl 39A # 20A-21 | F18: Angelita Gonzalez | H18: Leonardo Ortega | I18: 317-6836322 | J18: directoracolegiostulua@comfandi.com.co;dianaarboleda@comfandi.com.co | K18: Brayan Andres Ardila Vasquez | L18: brayanardila@comfandi.com.co | M18: 3212354912
A19: EDUCACIÓN | B19: Colegio El Prado Sede Bachillerato | C19: Cali | D19: In House | E19: Cr 23 # 26B-20 | F19: MARITZA EUGENIA MEDINA GUTIERREZ | H19: MAYERLIN HERNANDEZ URBANO | I19: 3165135252 | J19: maritzamedina@comfandi.com.co;dianaarboleda@comfandi.com.co | K19: Diana Maria Ramos - Jose Joaquin Delgado Granada | L19: dianaramos@comfandi.com.co;josedelgado@comfandi.com.co | M19: 3176352332-321 7556027
A20: EDUCACIÓN | B20: Colegio Las Delicias | C20: Cali | D20: Movil | E20: Cr 5 # 36A-45 | F20: EIBER ESCOBAR BECERRA | G20: CLAUDIA FERNANDA CHAUX RODRÍGUEZ-JULIAN ANDRES BETHANCOUR BRAVO | H20: LAURA MARCELA TIGREROS CARDENAS | I20: 4421950- 3126388- 3165133951-3017431163 | J20: colegiodelicias@comfandi.com.co; dianaarboleda@comfandi.com.co | K20: Brayan Andres Ardila Vasquez | L20: brayanardila@comfandi.com.co | M20: 3212354912
A21: EDUCACIÓN | B21: Colegio Miraflores Sede Bachillerato | C21: Cali | D21: Movil | E21: Cl 3 # 23B-18 | F21: PAOLA ANDREA TORO LARGACHA | G21: 3154515005 | H21: ELIANA MARYORY SANCHEZ CARDONA | I21: 5560321-5568467-3165134295 | J21: colegiomiraflores@comfandi.com.co;dianaarboleda@comfandi.com.co | K21: Brayan Andres Ardila Vasquez | L21: brayanardila@comfandi.com.co | M21: 3212354912
A22: EDUCACIÓN | B22: Colegio Municipal | C22: Cali | D22: Movil | E22: Cr 11 F # 33A-86 | F22: CARLOS ANDRES CABALLERO MOLINA | H22: JESSICA RAMIREZ VALENCIA | I22: 4421943 -3165133757- | J22: carloscaballero@comfandi.com.co;dianaarboleda@comfandi.com.co | K22: Brayan Andres Ardila Vasquez | L22: brayanardila@comfandi.com.co | M22: 3212354912
A23: EDUCACIÓN | B23: Colegio Palmira | C23: Palmira | D23: Movil | E23: Cr 33A # 26-42 | F23: Norma constanza soto Chicangana | H23: Yamilet Daza Herrera | I23: 2705800 | J23: carlosmontoya@comfandi.com.co; miltonbotina@comfandi.com.co;dianaarboleda@comfandi.com.co | K23: Brayan Andres Ardila Vasquez | L23: brayanardila@comfandi.com.co | M23: 3212354912
A24: EDUCACIÓN | B24: Colegio Prados de Oriente (Sede Primaria El Prado) | C24: Cali | D24: Movil | E24: Cr 25B # 29-58 | F24: MARIA STEFANI ZUÑIGA -Jackeline Castro Quintero | H24: JANETH LORENA ARCE FLOREZ-undefined [secrecolegioprados@comfandi.com.co] | I24: 3348668-3184153721 | J24: coordinadorcolegiopradosoriente@comfandi.com.co;dianaarboleda@comfandi.com.co | K24: Brayan Andres Ardila Vasquez | L24: brayanardila@comfandi.com.co | M24: 3212354912
A25: EDUCACIÓN | B25: Colegio San Nicolas - Biblioteca - Auditorio | C25: Cali | D25: In House | E25: Cr 7 # 21-04 | F25: CARLOS ANDRES CABALLERO MOLINA | H25: MONICA LEDESMA VARON | I25: 6851414-3165133796 | J25: carloscaballero@comfandi.com.co; oscarcastillo@comfandi.com.co;dianaarboleda@comfandi.com.co | K25: Brayan Andres Ardila Vasquez | L25: brayanardila@comfandi.com.co | M25: 3212354912
A26: EDUCACIÓN | B26: Colegio Terranova | C26: Jamundi | D26: Movil | E26: Cl 13B # 49 sur-30 Jamundi | F26: CLAUDIA VIVIANA TRUJILLO DUQUE | H26: MARISELA MOTTA OCAMPO | I26: 5150129- 314 682 90 62 | J26: directorcolegioterranova@comfandi.com.co;dianaarboleda@comfandi.com.co | K26: Brayan Andres Ardila Vasquez | L26: brayanardila@comfandi.com.co | M26: 3212354912
A27: EDUCACIÓN | B27: Colegio Yumbo | C27: Yumbo | D27: Movil | E27: Cr 6 # 14-116 | F27: CLAUDIA CHAUZ | H27: MONICA MORENO GUZMAN | I27: 6693118 - 6691537 | J27: colegioyumbo@comfandi.com.co; julianbetancourth@comfandi.com.co;dianaarboleda@comfandi.com.co | K27: Brayan Andres Ardila Vasquez | L27: brayanardila@comfandi.com.co | M27: 3212354912
A28: EDUCACIÓN | B28: IETDH Alfonso Potes Roldan | C28: Tuluá | D28: Movil | E28: Cr 37 # 28A-48 | F28: NORHA INES BEDOYA | H28: YUDI MONDRAGON/MARISELA VARGAS | I28: 2248808 - 2317460 - 3185007284 | J28: norhabedoya@comfandi.com.co;dianaarboleda@comfandi.com.co | K28: Brayan Andres Ardila Vasquez | L28: brayanardila@comfandi.com.co | M28: 3212354912
A29: EDUCACIÓN | B29: IETDH Buenaventura | C29: Buenaventura | D29: In House | E29: Cr 2 #2-39 Piso 3 | F29: CLAUDIA PATRICIA GRUESO RIASCOS | H29: MARIA FERNANDA LOPEZ ALVAREZ | I29: 2412912 - 3176464734 | J29: claudiagrueso@comfandi.com.co;dianaarboleda@comfandi.com.co | K29: Brayan Andres Ardila Vasquez | L29: brayanardila@comfandi.com.co | M29: 3212354912
A30: EDUCACIÓN | B30: IETDH Cartago | C30: Cartago | D30: Movil | E30: Cr 4 # 13-99 | F30: DORA LUCIA GUZMAN | H30: DORA LUCIA GUZMAN | I30: 2110111 | J30: doraguzman@comfandi.com.co;dianaarboleda@comfandi.com.co | K30: Brayan Andres Ardila Vasquez | L30: brayanardila@comfandi.com.co | M30: 3212354912
A31: EDUCACIÓN | B31: IETDH Chiminangos | C31: Tuluá | D31: Movil | E31: calle 23 con carrera 7 y 7 A | F31: Nhora Ines Bedoya Barrios | H31: Yudi A. mondragon | I31: 318-5007284 | J31: norhabedoya@comfandi.com.co;dianaarboleda@comfandi.com.co | K31: Brayan Andres Ardila Vasquez | L31: brayanardila@comfandi.com.co | M31: 3212354912
A32: EDUCACIÓN | B32: IETDH La Ventura | C32: Buga | D32: Movil | E32: Cr 18 # 18A-42 | F32: JUAN CARLOS VALENCIA | I32: EXT-1870 | J32: juancarlosvalenciah@gmail.com;dianaarboleda@comfandi.com.co | K32: Brayan Andres Ardila Vasquez | L32: brayanardila@comfandi.com.co | M32: 3212354912
A33: EDUCACIÓN | B33: IETDH Palmira | C33: Palmira | D33: Movil | E33: Cr 33A # 26-42 | F33: Claudia Milena velez | H33: Lorena Bravo Rivera | I33: PBX. 4866565 EXT 24650 | J33: leidybravo@comfandi.com.co;dianaarboleda@comfandi.com.co | K33: Brayan Andres Ardila Vasquez | L33: brayanardila@comfandi.com.co | M33: 3212354912
A34: EDUCACIÓN | B34: IETDH San Nicolas | C34: Cali | D34: In House | E34: Cl 21 # 7-50 | F34: MARY NELSY GONZALEZ TENORIO | H34: Jhon Fredy Hincapie | I34: 6851414 | J34: jhonfredyhincapie@comfandi.com.co; miltonbotina@comfandi.com.co; oscarcastillo@comfandi.com.co;dianaarboleda@comfandi.com.co | K34: Brayan Andres Ardila Vasquez | L34: brayanardila@comfandi.com.co | M34: 3212354912
A35: EDUCACIÓN | B35: Unidad de Servicios Chiminangos | C35: Tuluá | D35: Movil | E35: DIAGONAL 22 TRANSVERSAL 7 Y 7A | F35: NORHA INES BEDOYA BARRIOS | H35: YUDI ANDREA MONDRAGON | I35: 318-5007284 | J35: norhabedoya@comfandi.com.co;dianaarboleda@comfandi.com.co | K35: Brayan Andres Ardila Vasquez | L35: brayanardila@comfandi.com.co | M35: 3212354912
A36: FOMENTO | B36: Agencia de Gestión y Colocación de Empleo Tuluá | C36: Tuluá | D36: Movil | E36: Cl 26 # 21-20 | F36: Alexis Rojas Ospina | H36: Nury A. Pulido J. | I36: 317-2824912 | J36: alexisrojasospina@comfandi.com.co; juanrocha@comfandi.com.co | K36: Carlos Humberto Posada | L36: mantenimientotulua@comfandi.com.co | M36: 3178929192
A37: FOMENTO | B37: Agencia de Gestión y Colocación de Empleo Yumbo | C37: Yumbo | D37: Movil | E37: Cl 6 # 4-69 | F37: Karen Murcia | G37: 6572435 | H37: Edwin Tobar | I37: 3340000 ext 41227 | J37: karenmurcia@comfandi.com.co; dorianmarquez@comfandi.com.co; juanrocha@comfandi.com.co | K37: Brayan Andres Ardila Vasquez | L37: brayanardila@comfandi.com.co | M37: 3212354912
A38: FOMENTO | B38: Agencia de Gestión y Colocación de Empleo Buga | C38: Buga | D38: Movil | E38: Cr 9 # 11-52 | F38: Alejandro Aguirre | G38: 3176485782 | H38: Luz Jhoana Arismendi | I38: 3157471583 | J38: alejandroaguirre@comfandi.com.co; juanrocha@comfandi.com.co | K38: Jorge Luis Londoño | L38: jorgelondono@comfandi.com.co | M38: 3184093825
A39: FOMENTO | B39: Agencia de Gestión y Colocación de Empleo Buenaventura | C39: Buenaventura | D39: In House | E39: Cr 2 # 2-39 | F39: Miller Aleixo Braham Barco | G39: 3168221195 | H39: MARIA FERNANDA LOPEZ ALVAREZ | I39: 2412912 - 3176464734 | J39: claudiagrueso@comfandi.com.co; mariafernandalopez@comfandi.com.co; juanrocha@comfandi.com.co | K39: Brayan Andres Ardila Vasquez | L39: brayanardila@comfandi.com.co | M39: 3212354912
A40: FOMENTO | B40: Agencia de Gestión y Colocación de Empleo Palmira | C40: Palmira | D40: Movil | E40: Cl 32A # 28-03 | F40: Diana Carolina Lizalda Rosero | I40: 2705800 ext 37020 | J40: dianalizalda@comfandi.com.co; juanrocha@comfandi.com.co | K40: Jairo Arboleda | L40: jairoarboleda@comfandi.com.co | M40: 3183355665
A41: MERCADEO | B41: Supermercado Santa Rosa | C41: Cali | D41: Movil | E41: Clle 8 # 8-26 | F41: YULY EMILIA OVIEDO CRÚZ | G41: 318-415-37-10 | I41: 8841198 -8841195 | J41: SUPERSTAROSA@COMFANDI.COM.CO | K41: Brayan Andres Ardila Vasquez | L41: brayanardila@comfandi.com.co | M41: 3212354912
A42: MERCADEO | B42: Drogueria Santa Rosa | C42: Cali | D42: Movil | E42: Cl 8 # 8-26 | F42: DIANA FERNANDA GARCIA MORENO | G42: 3163137008 | I42: 884 11 95 | J42: drogueriasantarosa@comfandi.com.co | K42: Cesar Franco Giraldo | L42: cesarfranco@comfandi.com.co | M42: 3212354912
A43: MERCADEO | B43: Supermercado Ciudadela | C43: Cali | D43: Movil | E43: Clle 83c # 30-31 | F43: ALBERTO OCAMPO VÁSQUEZ | G43: 318-338-10-58 | I43: 3323391-3323369 | J43: SUPERCIUDADELA@COMFANDI.COM.CO | K43: Hernando Narvaez | L43: hernandonarvaez@comfandi.com.co | M43: 3168785276
A44: MERCADEO | B44: Drogueria Ciudadela | C44: Cali | D44: Movil | E44: Clle 83c # 30-31 | F44: ALBERTO PELAEZ LEON | G44: 3175762765 | I44: 316 92 97 | J44: drogueriaciudadela@comfandi.com.co | K44: Cesar Franco Giraldo | L44: cesarfranco@comfandi.com.co | M44: 3212354912
A45: MERCADEO | B45: Supermercado La Merced | C45: Cali | D45: Movil | E45: Av. 3Nt # 51N24 | F45: GUSTAVO ADOLFO FORERO POLO | G45: 317-437-04-17 | I45: 665 52 38 - 6661052 -6646853 -6650000 | J45: SUPERLAMERCED@COMFANDI.COM.CO | K45: Jansen Loris Giraldo | L45: jansengiraldo@comfandi.com.co | M45: 322 8817201
A46: MERCADEO | B46: Drogueria La Merced | C46: Cali | D46: Movil | E46: Av 3AN # 51N-56 | F46: ELIZABETH LONDOÑO OSPINA | G46: 3188021240 | I46: 666 10 52 - 665 00 00 | J46: droguerialamerced@comfandi.com.co | K46: Cesar Franco Giraldo | L46: cesarfranco@comfandi.com.co | M46: 3212354912
A47: MERCADEO | B47: Drogueria San Fernando | C47: Cali | D47: Movil | E47: Cr 36 # 5-68 | F47: JENY PAOLA CUERO | G47: 3173693684 | I47: 554 51 12 | J47: drogueriasanfernando@comfandi.com.co | K47: Cesar Franco Giraldo | L47: cesarfranco@comfandi.com.co | M47: 3212354912
A48: MERCADEO | B48: Supermercado San Fernando | C48: Cali | D48: Movil | E48: Cra 36 # 5-68 | F48: JHON ANDERSON MELO | G48: 3173693684 | I48: 5567688-5575907 | J48: drogueriasanfernando@comfandi.com.co | K48: Albeiro Duran Jaimes | L48: gestionmecanicos@comfandi.com.co | M48: 317 3318744
A49: MERCADEO | B49: Supermercado Morichal | C49: Cali | D49: Movil | E49: Clle 54 # 42B-21 | F49: JORGE HERNAN ARBOLEDA MOLINA | G49: 318 415 37 16 | I49: 3271922-3271913 | J49: SUPERMERCADOMORICHAL@COMFANDI.COM.CO | K49: Albeiro Duran Jaimes | L49: gestionmecanicos@comfandi.com.co | M49: 317 3318744
A50: MERCADEO | B50: Drogueria Morichal | C50: Cali | D50: Movil | E50: Cl 54 # 42B-21 | F50: JONNY HERRERA SOTO | G50: 3187083328 | I50: 338 17 10 | J50: drogueriamorichal@comfandi.com.co | K50: Cesar Franco Giraldo | L50: cesarfranco@comfandi.com.co | M50: 3212354912
A51: MERCADEO | B51: Supermercado Torres de Comfandi | C51: Cali | D51: In House | E51: Cra 1 # 56-20 | F51: JORGE HERNAN RINCON MEJIA | G51: 318-415-36-85 | I51: 4291538 - 6657988 - 6646088 - 6646089 - 6646093 | J51: SUPERTORRES@COMFANDI.COM.CO | K51: Jansen Loris Giraldo | L51: jansengiraldo@comfandi.com.co | M51: 322 8817201
A52: MERCADEO | B52: Drogueria Torres de Comfandi | C52: Cali | D52: In House | E52: Cr 1 # 56-20 | F52: HERNAN FRANCO | G52: 3128149782 | I52: 6657988 - 6646088 - 6646089 - 6646093 la EXT.202 | J52: drogueriatorres@comfandi.com.co | K52: Cesar Franco Giraldo | L52: cesarfranco@comfandi.com.co | M52: 3212354912
A53: MERCADEO | B53: Drogueria Clinica Amiga | C53: Cali | D53: Movil | E53: Cl 18 # 69-65 La Hacienda | F53: TATIANA RODRÍGUEZ | G53: 3168717711 | I53: 333 69 99 OPCIÓN 6 - Fijo 3395809 | J53: drogueriaclinicaamiga@comfandi.com.co | K53: Cesar Franco Giraldo | L53: cesarfranco@comfandi.com.co | M53: 3212354912
A54: MERCADEO | B54: Supermercado Guadalupe | C54: Cali | D54: In House | E54: Clle 10 # 56-05 | F54: LUIS EVELIO ARBELAEZ BETANCUR | G54: 317-636-55-83 | I54: 3319400 | J54: SUPERGUADALUPE@COMFANDI.COM.CO | K54: Albeiro Duran Jaimes | L54: gestionmecanicos@comfandi.com.co | M54: 317 3318744
A55: MERCADEO | B55: Drogueria Guadalupe | C55: Cali | D55: Movil | E55: Cl 10 # 56-05 | F55: ERIKA VIRGEN | G55: 3104115984 | I55: 331 94 00 Ext. 106 - 331 95 15 | J55: drogueriaguadalupe@comfandi.com.co | K55: Cesar Franco Giraldo | L55: cesarfranco@comfandi.com.co | M55: 3212354912
A56: MERCADEO | B56: Supermercado Jamundi | C56: Jamundi | D56: Movil | E56: Cra 11 Clle 13 esquina | F56: CELSA MILDREY MELCHOR C. | G56: 317 367 65 45 | I56: 5161179 -5530478 | J56: SUPERJAMUNDI@COMFANDI.COM.CO | K56: Hernando Narvaez | L56: hernandonarvaez@comfandi.com.co | M56: 3168785276
A57: MERCADEO | B57: Drogueria Jamundi | C57: Jamundi | D57: Movil | E57: CARRERA 11 con CALLE 13 ESQUINA | F57: CAROLINA FIGUEROA | G57: 3187164797 | I57: 553 04 78 | J57: drogueriajamundi@comfandi.com.co | K57: Cesar Franco Giraldo | L57: cesarfranco@comfandi.com.co | M57: 3168785276
A58: MERCADEO | B58: Supermercado El Prado | C58: Cali | D58: In House | E58: Cra 23 # 26B46 | F58: ESTHER JULIA ROJAS MOLINA | G58: 317-660-95-78 | I58: 335 58 62 | J58: SUPERELPRADO@COMFANDI.COM.CO | K58: Jose Joaquin Delgado Granada | L58: josedelgado@comfandi.com.co | M58: 321 7556027
A59: MERCADEO | B59: Drogueria El Prado | C59: Cali | D59: In House | E59: CARRERA 23 No. 26 B 46 | F59: KAREN CASTILLO | G59: 3178005503 | I59: 334 00 00 Ext. 2051 - 2075 Directo 3364364 | J59: drogueriaelprado@comfandi.com.co | K59: Cesar Franco Giraldo | L59: cesarfranco@comfandi.com.co | M59: 3212354912
A60: MERCADEO | B60: Centro de Distribución El Prado (CENDIS) | C60: Cali | D60: In House | E60: Cr 23 # 26B-46 | F60: Ramiro Fidel Rojas Herrera | G60: EXT-2092 | H60: OCTAVIO GOMEZ | I60: 3340000- EXT-2021 | J60: ramirorojas@comfandi.com.co;octaviogomez@comfandi.com.co | K60: Diana Maria Ramos | L60: dianaramos@comfandi.com.co | M60: 3176352332
A61: MERCADEO | B61: Drogueria Imbanaco Principal | C61: Cali | D61: Movil | E61: CRA 38A 5A100 | F61: MARCELA BERMUDEZ GIRALDO | G61: 3174304561 | I61: 556 76 84 - 557 04 74 | J61: imbanaco@comfandi.com.co | K61: Cesar Franco Giraldo | L61: cesarfranco@comfandi.com.co | M61: 3212354912
A62: MERCADEO | B62: Drogueria Av. Sexta | C62: Cali | D62: Movil | E62: AVDA. 6N 24N-108 | F62: DIANA DOMINGUEZ | G62: 3188833979 | I62: 896 4473 - 667 6868 | J62: drogueriaavsexta@comfandi.com.co | K62: Cesar Franco Giraldo | L62: cesarfranco@comfandi.com.co | M62: 3212354912
A63: MERCADEO | B63: Drogueria Clinica Remedios | C63: Cali | D63: Movil | E63: AV. 2CN 24N-176 | F63: LEISA MILENA GUTIERREZ | I63: 3998440 - 3998444-3128151061 | J63: droguerialosremedios@comfandi.com.co | K63: Cesar Franco Giraldo | L63: cesarfranco@comfandi.com.co | M63: 3212354912
A64: MERCADEO | B64: Drogueria Farallones | C64: Cali | D64: Movil | E64: Cl. 9C # 50-25 L.3 ALA A | F64: LILIANA SANTA | G64: 3153969891 | I64: 513 59 48 - 487 81 23 | J64: drogueriafarallones@comfandi.com.co | K64: Cesar Franco Giraldo | L64: cesarfranco@comfandi.com.co | M64: 3212354912
A65: MERCADEO | B65: Drogueria Surtifamiliar Alameda | C65: Cali | D65: Movil | E65: CL 9B # 23C65 | F65: HAROLD DAVID BONILLA FRANCO | G65: 3187118911 | I65: 5572311 - 5584789 | J65: drogueriasurtifamiliar@comfandi.com.co | K65: Cesar Franco Giraldo | L65: cesarfranco@comfandi.com.co | M65: 3212354912
A66: MERCADEO | B66: Drogueria Unico | C66: Cali | D66: Movil | E66: CL 52 CRA 3 Y 4 L. 258 | F66: BELSSI DORANGELA RICO ORDOÑEZ | G66: 3156705393 | I66: 4398173- 6658713 | J66: drogueriaunico@comfandi.com.co | K66: Cesar Franco Giraldo | L66: cesarfranco@comfandi.com.co | M66: 3212354912
A67: MERCADEO | B67: Drogueria El ingenio | C67: Cali | D67: Movil | E67: Cl. 16 No 85-42 | F67: MAURICIO BARONA CHACON | G67: 3183505271 | I67: 330 02 55 - 330 98 63 - 330 07 72 | J67: rapitiendaelingenio@comfandi.com.co | K67: Cesar Franco Giraldo | L67: cesarfranco@comfandi.com.co | M67: 3212354912
A68: MERCADEO | B68: Drogueria Desepaz | C68: Cali | D68: Movil | E68: CRA 25 CL 121 ESQUINA #121-42 | F68: SONIA GERTRUDIS QUIÑONEZ | G68: 3162495995 | I68: 420 69 37 | J68: drogueriadesepaz@comfandi.com.co | K68: Cesar Franco Giraldo | L68: cesarfranco@comfandi.com.co | M68: 3212354912
A69: MERCADEO | B69: Supermercado Desepaz | C69: Cali | D69: Movil | E69: Cra 25 # 121-42 | F69: LUIS FERNANDO MILLAN MORENO | G69: 317-657-31-53 | I69: 4206937-4206974-4206989-4206919 | J69: SUPERDESEPAZ@COMFANDI.COM.CO | K69: Brayan Andres Ardila Vasquez | L69: brayanardila@comfandi.com.co | M69: 3212354912
A70: MERCADEO | B70: Drogueria Tequendama II | C70: Cali | D70: Movil | E70: Carrera 42 # 5E10 | F70: JUAN CARLOS MENDEZ SANCHEZ | G70: 3156128955 | I70: 551 32 65 - 551 34 20 | J70: drogueriatequendama2@comfandi.com.co | K70: Cesar Franco Giraldo | L70: cesarfranco@comfandi.com.co | M70: 3212354912
A71: MERCADEO | B71: Supermercado La Terminal | C71: Cali | D71: Movil | E71: Clle 30N # 2A-29 Loc. 120-121 | F71: FREDY ALBERTO GUTIERREZ ROJAS | G71: 3156128955 | I71: 668 48 20 - 668 46 81- 668 53 56 | J71: SUPERTERMINAL@COMFANDI.COM.CO | K71: Jansen Loris Giraldo | L71: jansengiraldo@comfandi.com.co | M71: 322 8817201
A72: MERCADEO | B72: Drogueria Terminal | C72: Cali | D72: Movil | E72: CALLE 30N No. 2A - 29 LOCAL 120 - 121 | F72: MARTHA CECILIA CORDOBA MOSQUERA | G72: 3174347806 | I72: 413 94 59 | J72: drogueriaterminal@comfandi.com.co | K72: Cesar Franco Giraldo | L72: cesarfranco@comfandi.com.co | M72: 3212354912
A73: MERCADEO | B73: Drogueria Valle del Lili | C73: Cali | D73: Movil | E73: AV.S.BOL. CRA. 98 18-49 | F73: MARIA VICTORIA ROMERO | G73: 3116366608 | I73: 3116366608 | J73: drogueriavallelili@comfandi.com.co | K73: Cesar Franco Giraldo | L73: cesarfranco@comfandi.com.co | M73: 3212354912
A74: MERCADEO | B74: Drogueria Santa Teresita | C74: Cali | D74: Movil | E74: AVDA. COL. 5-281 | F74: JOSE ALEJANDRO VASQUEZ | G74: 3167473583 | I74: 892 65 64 - 892 65 98 | J74: rapitiendasantateresita@comfandi.com.co | K74: Cesar Franco Giraldo | L74: cesarfranco@comfandi.com.co | M74: 3212354912
A75: MERCADEO | B75: Drogueria Superinter Melendez | C75: Cali | D75: Movil | E75: Cra 94 # 4-89 | F75: CONSUELO SERNA MARIN | G75: 3187082114 | I75: 333 32 61 - 333 32 36 | J75: drogueriamelendez@comfandi.com.co | K75: Cesar Franco Giraldo | L75: cesarfranco@comfandi.com.co | M75: 3212354912
A76: MERCADEO | B76: Proveeduria El Poblado | C76: Cali | D76: Movil | E76: CARRERA 28F No. 72L-79 | F76: YEISON YARA FERNÁNDEZ | G76: 317-369-20-42 | I76: 4268692-4269251 | J76: proveeduriapoblado@comfandi.com.co | K76: Albeiro Duran Jaimes | L76: gestionmecanicos@comfandi.com.co | M76: 317 3318744
A77: MERCADEO | B77: Drogueria La Flora | C77: Cali | D77: Movil | E77: Cl 52N # 5BN - 134 | F77: FRANCY MERA PEÑA | G77: 3184721448 | I77: 665 73 97 | J77: droguerialaflora@comfandi.com.co | K77: Cesar Franco Giraldo | L77: cesarfranco@comfandi.com.co | M77: 3212354912
A78: MERCADEO | B78: Drogueria Alameda | C78: Cali | D78: Movil | E78: CALLE 5 No. 23B - 02 | F78: LESLIE MARCELA VERNAZA QUINTERO | G78: 3128167377 | I78: 310 00 08 | J78: drogueriaalameda@comfandi.com.co | K78: Cesar Franco Giraldo | L78: cesarfranco@comfandi.com.co | M78: 3212354912
A79: MERCADEO | B79: Drogueria Superinter Yumbo | C79: Yumbo | D79: Movil | E79: CL.15 # 5 - 100 | F79: DIANA MARCELA MARTINEZ | G79: 3157208058 | I79: 695 73 31 | J79: drogsuperyumbointer@comfandi.com.co | K79: Brayan Andres Ardila Vasquez | L79: brayanardila@comfandi.com.co | M79: 3212354912
A80: MERCADEO | B80: Drogueria Superinter Pasarela | C80: Cali | D80: Movil | E80: AV. 5 NORTE # 23 DN 40 | F80: LUZ STELLA MONTOYA CRUZ | G80: 3125048909 | I80: 890 21 98 | J80: drogueriapasarela@comfandi.com.co | K80: Cesar Franco Giraldo | L80: cesarfranco@comfandi.com.co | M80: 3212354912
A81: MERCADEO | B81: Drogueria Imbanaco Calle 5 | C81: Cali | D81: Movil | E81: Cl 5 # 38 B 105 L 102 | F81: LEIDY JOHANA ARISTIZABAL TORRES | G81: 3162340199 | I81: 5141449 - 5141586 | J81: imbanacocallequinta@comfandi.com.co | K81: Cesar Franco Giraldo | L81: cesarfranco@comfandi.com.co | M81: 3212354912
A82: MERCADEO | B82: Droguería Cañaveralejo | C82: Cali | D82: Movil | E82: CL. 5 # 56 - 20 LOCAL 9 | F82: MARILUZ PULGARÍN | G82: 3153114480 | I82: 553 60 92 | J82: drogcanaveralejo@comfandi.com.co | K82: Cesar Franco Giraldo | L82: cesarfranco@comfandi.com.co | M82: 3212354912
A83: MERCADEO | B83: Drogueria Aeropuerto | C83: Palmira | D83: Movil | E83: Aeropuerto Alfonso Bonilla Aragón - Terminal 2 Local 234 | F83: JULIANA ANDREA FANDIÑO ARCILA | G83: 3164151536 | I83: 6663078 - 6663105 - 6663107 | J83: drogueriaaeropuerto@comfandi.com.co | K83: Jairo Arboleda | L83: jairoarboleda@comfandi.com.co | M83: 3183355665
A84: MERCADEO | B84: Drogueria Unicentro | C84: Cali | D84: Movil | E84: CRA. 100 # 5-169 L.178 A | F84: EMILSEN SEGOVIA VELASCO | G84: 3186515797 | I84: 3160248 - 5555501 | J84: drogueriaunicentro@comfandi.com.co | K84: Cesar Franco Giraldo | L84: cesarfranco@comfandi.com.co | M84: 3212354912
A85: MERCADEO | B85: Drogueria La Martina | C85: Cali | D85: Movil | E85: CRA 70 # 13B - 18 | F85: JOSE IGNACIO CIFUENTES | G85: 3164648692 | I85: 5558730 - 5558731 | J85: droguerialamartina@comfandi.com.co | K85: Cesar Franco Giraldo | L85: cesarfranco@comfandi.com.co | M85: 3212354912
A86: MERCADEO | B86: Droguería Centenario | C86: Cali | D86: Movil | E86: Ave 4 Norte # 7N-46/64 L.102 | F86: DIANA MARCELA RODRIGUEZ | G86: 3174419960 | I86: 3950068 - 3956974 | J86: drogcentenario@comfandi.com.co | K86: Cesar Franco Giraldo | L86: cesarfranco@comfandi.com.co | M86: 3212354912
A87: MERCADEO | B87: Drogueria Aventura Plaza | C87: Cali | D87: Movil | E87: CRA 100 # 15A-71 L.100 | F87: ANGIE GUZMAN | G87: 3162675926 | I87: 3327795 - 5551552 - 5551564 | J87: drogaventuraplaza@comfandi.com.co | K87: Cesar Franco Giraldo | L87: cesarfranco@comfandi.com.co | M87: 3212354912
A88: MERCADEO | B88: Drogueria Buenos Aires | C88: Cali | D88: Movil | E88: CRA 73 # 3-39 | F88: ORLEANS FREDDY ANGULO PAYAN | G88: 3183913821 | I88: 3238686-3230626-3233561 | J88: drogbuenosaires@comfandi.com.co | K88: Cesar Franco Giraldo | L88: cesarfranco@comfandi.com.co | M88: 3212354912
A89: MERCADEO | B89: Drogueria San Joaquín | C89: Cali | D89: Movil | E89: CALLE 25 # 85 B - 100 | F89: ALBEIRO MINOTA OCORO | G89: 3173680831 | I89: 4851523 | J89: drogsanjoaquin@comfandi.com.co | K89: Cesar Franco Giraldo | L89: cesarfranco@comfandi.com.co | M89: 3212354912
A90: MERCADEO | B90: Droguería Palmetto | C90: Cali | D90: Movil | E90: CL.9 # 49-21 LOCAL 115 CENTRO COMERCIAL PALMETTO | F90: MAYERNI ORDOÑEZ PIMENTEL | G90: 3183888411 | I90: 5550056-5550283-5550142 | J90: drogueriapalmetto@comfandi.com.co | K90: Cesar Franco Giraldo | L90: cesarfranco@comfandi.com.co | M90: 3212354912
A91: MERCADEO | B91: Supermercado Cañas Gordas | C91: Cali | D91: Movil | E91: Calle 18 No. 114-20 | F91: usbeny | G91: 312 814 36 67 | I91: 555 37 98 | J91: supercanasgordas@comfandi.com.co | K91: Hernando Narvaez | L91: hernandonarvaez@comfandi.com.co | M91: 3168785276
A92: MERCADEO | B92: Drogueria Cañas Gordas | C92: Cali | D92: Movil | E92: CALLE 18 # 114 B - 20 | F92: CARLOS ALBERTO QUESADA | G92: 3173680825 | H92: YAMILETH | I92: 5553798 | J92: drogcanasgordas@comfandi.com.co | K92: Cesar Franco Giraldo | L92: cesarfranco@comfandi.com.co | M92: 3212354912
A93: MERCADEO | B93: Droguería Brisas de los alamos (Cañaveral) | C93: Cali | D93: Movil | E93: Cl. 75 C # 2 A 100 Brisas de los Alamos | F93: JOSE ISRAEL PORTUGUEZ TRIBALDO | G93: 3167526291 | I93: 6657464 - 6657521 | J93: drogueriabrisas@comfandi.com.co | K93: Cesar Franco Giraldo | L93: cesarfranco@comfandi.com.co | M93: 3212354912
A94: MERCADEO | B94: Droguería Melendez II | C94: Cali | D94: Movil | E94: CRA 94 # 4 - 75 | F94: EDITH VICTORIA QUIÑONEZ LANDAZURI | G94: 3162820107 | I94: 5529818 - 5529759 - 5529812 | J94: drogueriamelendez2@comfandi.com.co | K94: Cesar Franco Giraldo | L94: cesarfranco@comfandi.com.co | M94: 3212354912
A95: MERCADEO | B95: Droguería Colon | C95: Cali | D95: Movil | E95: Cl. 14 # 38 A - 11 | F95: EDWIN DANIEL PRECIADO ANGULO | G95: 3188878483 | I95: 3365273 - 3365275 | J95: drogueriacolon@comfandi.com.co | K95: Cesar Franco Giraldo | L95: cesarfranco@comfandi.com.co | M95: 3212354912
A96: MERCADEO | B96: Drogueria Ciudad Jardin II | C96: Cali | D96: Movil | E96: Cl.18 # 106 - 46 Green's Plaza | F96: OLGA PATRICIA ESCOBAR | G96: 3187488725 | I96: 5555234 - 5593045 | J96: drogueriaciudadjardin2@comfandi.com.co | K96: Cesar Franco Giraldo | L96: cesarfranco@comfandi.com.co | M96: 3212354912
A97: MERCADEO | B97: Drogueria Plaza 70 | C97: Cali | D97: Movil | E97: Cra.70 # 1 B- 65 L. 10 - 11 Av.Los Chorros | G97: 3174407656 | I97: 3397203 - 3398224 - 6575555 | J97: drogueriaplaza70@comfandi.com.co | K97: Cesar Franco Giraldo | L97: cesarfranco@comfandi.com.co | M97: 3212354912
A98: MERCADEO | B98: Droguería Callejón de las chuchas | C98: Cali | D98: Movil | E98: Cra. 122 # 16 A - 18 L. 1 y 2 | F98: PAULO CESAR BARRETO | G98: 3186601814 | I98: 3339765 - 3339772 | J98: drogcallejonchuchas@comfandi.com.co | K98: Cesar Franco Giraldo | L98: cesarfranco@comfandi.com.co | M98: 3212354912
A99: MERCADEO | B99: Drogueria Cerros Plaza | C99: Cali | D99: Movil | E99: CALLE1 # 55B-141- LOCAL 4 | F99: YULIEMA PAOLA TULCAN GUERRERO | G99: 3125782946 | I99: 5528545-5550823 | J99: drogueriacerrosplaza@comfandi.com.co | K99: Cesar Franco Giraldo | L99: cesarfranco@comfandi.com.co | M99: 3212354912
A100: MERCADEO | B100: Drogueria Paso Ancho Santodomingo | C100: Cali | D100: Movil | E100: calle13 # 44-39 | F100: KARLA MARÍA NARANJO | G100: 3163117533 | J100: drogsantodomingo@comfandi.com.co | K100: Cesar Franco Giraldo | L100: cesarfranco@comfandi.com.co | M100: 3212354912
...

Sheet Directorio Infraestructura
A1: Regional | B1: Nombre | C1: Email | D1: N° Celular | E1: Perfil
A2: Cali | B2: Francy Lineidy Galeano Hoyos | C2: Francy Galeano<francygaleano@comfandi.com.co> | D2: 3178547773 | E2: Jefe Mtto
A3: Cali | B3: Jhonier Betancourt Espinosa | C3: Jhonier Betancourt< jhonierbetancourt@comfandi.com.co> | D3: 3187702178 | E3: Admon Z3
A4: Cali | B4: Diana Maria Ramos | C4: Diana Ramos<dianaramos@comfandi.com.co> | D4: 3176352332 | E4: Gestor Mtto
A5: Cali | B5: Fredy Hernandez Trujillo | C5: Fredy Hernandez<freddyhernandez@comfandi.com.co> | D5: 3164416480 | E5: Gestor Mtto
A6: Cali | B6: Jhoan Estiven Llanos Arboleda | C6: Jhoan Estiven Llanos<jhoanestiven@comfandi.com.co> | D6: 3214364504 | E6: Gestor Mtto
A7: Cali | B7: Ferney Antonio Murillo Molina | C7: Ferney Antonio Murillo<ferneymurillo@comfandi.com.co> | D7: 3183596473 | E7: Gestor Mtto
A8: Cali | B8: Jansen Loris Giraldo | C8: Jansen Giraldo<jansengiraldo@comfandi.com.co> | D8: 3228817201 | E8: Gestor Mtto
A9: Cali | B9: Oscar Tiberio Castillo Cortez | C9: Oscar Tiberio Castillo<oscarcastillo@comfandi.com.co> | D9: 3176675658 | E9: Gestor Mtto
A10: Cali | B10: Gloria Yepes | C10: Gloria Patricia Yepes Sanchez<gloriayepes@comfandi.com.co> | D10: 3233225065 | E10: Gestor Mtto IPS
A11: Cali | B11: Jose Joaquin Delgado Granada | C11: Jose Joaquin Delgado< josedelgado@comfandi.com.co> | D11: 3162421761 | E11: Facilitador
A12: Cali | B12: Hernando Narvaez Suarez | C12: Hernando Narvaez<hernandonarvaez@comfandi.com.co> | D12: 3168785276 | E12: Facilitador
A13: Cali | B13: Orlando Arango Uribe | C13: Orlando Arango<orlandoarango@comfandi.com.co> | D13: 3162421761 | E13: Facilitador
... A21: Cartago | B21: Fredy Augusto Rico Arce | C21: Fredy Augusto Rico<fredyrico@comfandi.com.co> | D21: 3128500956 | E21: Facilitador
A22: Varias | B22: Jairo Alberto Escalante | C22: Jairo Alberto Escalante Quintero<jairoescalante@comfandi.com.co> | D22: N/A | E22: N/A | F22: Se debe copiar los correos de sedes de Palmira en adelante
A23: Cali-Yumbo | B23: Central de Monitoreo | C23: Central Monitoreo Prado<centralmonitorprado@comfandi.com.co> | D23: N/A | E23: N/A | F23: Se debe copiar los correos de sedes Cali
A24: Cali | B24: William Obando | C24: William Andres Obando Ipujan<williamobando@comfandi.com.co> | D24: 3165135677 | E24: Facilitador Droguerias
A25: Cali | B25: Angie Natalia Grande | C25: Angie Natalia Grande Muñoz<angiegrande@comfandi.com.co> | E25: Facilitador Droguerias
B29: Otros Correos:
A31: Cali | B31: centralmonitorprado@comfandi.com.co
A32: Regionales | B32: jairoescalante@comfandi.com.co
A33: CDI | B33: Brenda Ximena Anaya <auxprimerainfancia@comfandi.com.co>
B36: FUNCIONARIOS LIDER DE LA UES
A37: UES | B37: NOMBRES FUNCIONARIO PRINCIPAL | C37: FUNCIONARIO SUPLENTE | D37: CORREO CORPORATIVO
A38: MERCADEO | B38: Erika Cecilia Mogollon Rodriguez | C38: William A. Obando | D38: erikamogollon@comfandi.com.co; williamobando@comfandi.com.co
A39: MERCADEO | B39: Jhon Sinisterra | C39: Jesús Herney Peñafiel | D39: johnsinisterra@comfandi.com.co; edinsonarenas@comfandi.com.co; jesuspenafiel@comfandi.com.co
A40: EDUCACION | C40: Fernanda Martinez Mutis | D40: fernandamartinez@comfandi.com.co; marygonzalez@comfandi.com.co;
A41: SALUD | B41: Gloria Patricia Yepes Sanchez | D41: gloriayepes@comfandi.com.co
A42: MEDIO AMBIENTE | B42: German Bravo Lasprilla | D42: germanbravo@comfandi.com.co;
A43: SSTT | B43: Hector caicedo | C43: MARIA MARTINEZ, YUBIZAN VELASCO | D43: hectorcaicedo@comfandi.com.co; mariamartinez@comfandi.com.co; yubizanvelasco@comfandi.com.co
B48: francygaleano@comfandi.com.co; viviansramirez@comfandi.com.co; jansengiraldo@comfandi.com.co; brayanardila@comfandi.com.co; leonardosarria@comfandi.com.co; aprendizmantenimiento1@comfandi.com.co;sebastianarias@comfandi.com.co;hectorcaicedo@comfandi.com.co; mariamartinez@comfandi.com.co; yubizanvelasco@comfandi.com.co
B49: analista1sst.comfandi@brillaseo.com; jhaidy.ruiz@brillaseo.com; almacen1.comfandi@brillaseo.com; alejandro.marin@brillaseo.co;andres.ramirez@brillaseo.co;bryan.martinez@brillaseo.co;adrian.restrepo@brillaseo.co

Sheet INSP.EQUIPOS JUNIO
E1: CLINICAS E IPS - SALUD | L1: CENTROS CAMPESTRES - RECREACION | N1: ADMINISTRATIVOS | Q1: EDUCACION
A2: ITEM | B2: DESCRIPCION ACTIVIDAD A REALIZAR INSPECCIÓN | C2: FRECUENCIA | D2: PILAR MTTO | E2: IPS EL PRADO | F2: LABORARTIO ESPECIALIZADO | G2: IPS TORRES | H2: IPS PALMIRA | I2: CLINICA TEQUENDAMA | J2: IPS BUGA | K2: CLINICA CARTAGO | L2: PANCE | M2: ARROYOHONDO | N2: EDIFICIO EL PRADO | O2: EDIF. ADMIN BUGA | P2: AGENCIA EMPLEO-CIS B/TURA | Q2: COLEGIO PRADO | R2: COLEGIO YUMBO | S2: IETDH B/TURA | T2: COLEGIO BUGA | U2: COLEGIO EL LAGO
A3: 1 | B3: INSPECCION Y LIMPIEZA DE PLANTAS ELECTRICAS (PRUEBAS DE VACIO ) | C3: SEMANAL | D3: ELECTRICO | T3: N/A | U3: N/A
A4: 2 | B4: INSPECCION Y LIMPIEZA SUBESTACIÓN ELECTRICA (CAMBIO POR URGENCIA) | C4: QUINCENAL | D4: ELECTRICO | E4: ACCEDE PERSONAL CALIFICADO | F4: ACCEDE PERSONAL CALIFICADO | G4: ACCEDE PERSONAL CALIFICADO | H4: ACCEDE PERSONAL CALIFICADO | I4: ACCEDE PERSONAL CALIFICADO | J4: ACCEDE PERSONAL CALIFICADO | K4: ACCEDE PERSONAL CALIFICADO | L4: ACCEDE PERSONAL CALIFICADO | M4: ACCEDE PERSONAL CALIFICADO | N4: ACCEDE PERSONAL CALIFICADO | O4: ACCEDE PERSONAL CALIFICADO | P4: ACCEDE PERSONAL CALIFICADO | Q4: ACCEDE PERSONAL CALIFICADO | R4: ACCEDE PERSONAL CALIFICADO | S4: ACCEDE PERSONAL CALIFICADO | T4: N/A | U4: N/A
A5: 3 | B5: SISTEMA DE BOMBEO | C5: DIARIA | D5: HIDRAULICO | Q5: N/A | R5: N/A | S5: N/A | U5: N/A
A6: 4 | B6: TANQUES DE AGUA POTABLE (MEDICION PH) | C6: DIARIA | D6: HIDRAULICO | E6: N/A | G6: N/A | H6: N/A | I6: N/A | J6: N/A | K6: N/A | L6: N/A | M6: N/A | N6: N/A | O6: N/A | P6: N/A | Q6: N/A | R6: N/A | S6: N/A | T6: N/A | U6: N/A
A7: 5 | B7: TANQUE CRIOGENICO | C7: 2 X DIA | D7: ELECTRICO | E7: N/A | G7: N/A | H7: N/A | J7: N/A | L7: N/A | M7: N/A | N7: N/A | O7: N/A | P7: N/A | Q7: N/A | R7: N/A | S7: N/A | T7: N/A | U7: N/A
A8: 6 | B8: GASES MEDICINALES | C8: 2 X DIA | D8: ELECTRICO | E8: N/A | F8: N/A | G8: N/A | L8: N/A | M8: N/A | N8: N/A | O8: N/A | P8: N/A | Q8: N/A | R8: N/A | S8: N/A | T8: N/A | U8: N/A
A9: 7 | B9: UPS | C9: DIARIA | D9: ELECTRICO | U9: OK
A10: 8 | B10: COMPRESORES-Aire medicinal-ODONTOLOGIA- VENTILADORES -CENTRAL DE ESTERILIZACION | C10: DIARIA | D10: ELECTRICO | L10: N/A | M10: N/A | N10: N/A | O10: N/A | P10: N/A | Q10: N/A | R10: N/A | S10: N/A | T10: N/A | U10: N/A
A11: 9 | B11: SISTEMA DE BOMBAS DE VACIO | C11: 2 X DIA | D11: ELECTRICO | E11: N/A | F11: N/A | G11: N/A | K11: N/A | L11: N/A | M11: N/A | N11: N/A | O11: N/A | P11: N/A | Q11: N/A | R11: N/A | S11: N/A | T11: N/A | U11: N/A
A12: 10 | B12: TOMA LECTURA CONTADORES SERVICIOS PUBLICOS(ELECTRICOS, GAS Y AGUA) | C12: MENSUAL | D12: ELECTRICO | U12: OK
A13: 11 | B13: EXTINTORES | C13: MENSUAL | D13: OBRA CIVIL | U13: OK
A14: 12 | B14: RED DEL SISTEMA CONTRA INCENDIO | C14: DIARIA | D14: HIDRAULICO | L14: N/A | Q14: N/A | R14: N/A | S14: N/A | T14: N/A | U14: N/A
A15: 13 | B15: SAUNAS ,TURCOS, JACUZZI | C15: MENSUAL | D15: HIDRAULICO | E15: N/A | F15: N/A | G15: N/A | H15: N/A | I15: N/A | J15: N/A | K15: N/A | L15: N/A | M15: N/A | N15: N/A | O15: N/A | P15: N/A | Q15: N/A | R15: N/A | S15: N/A | T15: N/A | U15: N/A
A16: 14 | B16: CUARTOS Y SISTEMAS DE BOMBEO PISCINAS | C16: MENSUAL | D16: HIDRAULICO | E16: N/A | F16: N/A | G16: N/A | H16: N/A | I16: N/A | J16: N/A | K16: N/A | O16: N/A | P16: N/A | Q16: N/A | R16: N/A | S16: N/A | T16: N/A | U16: N/A
A17: 15 | B17: PISCINAS | C17: MENSUAL | D17: HIDRAULICO | E17: N/A | F17: N/A | G17: N/A | H17: N/A | I17: N/A | J17: N/A | K17: N/A | O17: N/A | P17: N/A | Q17: N/A | R17: N/A | S17: N/A | T17: N/A | U17: N/A
A18: 16 | B18: CANCHAS MULTIPLES | C18: MENSUAL | D18: OBRA CIVIL | E18: N/A | F18: N/A | G18: N/A | H18: N/A | I18: N/A | J18: N/A | K18: N/A | N18: N/A | O18: N/A | P18: N/A | Q18: N/A | R18: N/A | S18: N/A | T18: N/A | U18: N/A
A19: 17 | B19: INSPECCIÓN AIRES ACONDICIONADOS | C19: MENSUAL | D19: ELECTRICO | L19: N/A | M19: N/A | U19: OK
A20: 18 | B20: RETEPARQUES (toboganes-Juegos, atracciones) | C20: MENSUAL | D20: OBRA CIVIL | E20: N/A | F20: N/A | G20: N/A | H20: N/A | I20: N/A | J20: N/A | K20: N/A | N20: N/A | O20: N/A | P20: N/A | Q20: N/A | R20: N/A | S20: N/A | T20: N/A | U20: N/A
A21: 19 | B21: EQUIPO DE GIMNASIO | C21: MENSUAL | D21: OBRA CIVIL | E21: N/A | F21: N/A | G21: N/A | H21: N/A | I21: N/A | J21: N/A | K21: N/A | L21: N/A | M21: N/A | N21: N/A | O21: N/A | P21: N/A | Q21: N/A | R21: N/A | S21: N/A | T21: N/A | U21: N/A
A22: 20 | B22: PUERTAS MANUALES,MOTORIZADAS,Y DE LIBERACION. | C22: MENSUAL | D22: OBRA CIVIL | U22: OK
A23: 21 | B23: TOBOGANES | C23: MENSUAL | D23: OBRA CIVIL | E23: N/A | F23: N/A | G23: N/A | H23: N/A | I23: N/A | J23: N/A | K23: N/A | N23: N/A | O23: N/A | P23: N/A | Q23: N/A | R23: N/A | S23: N/A | T23: N/A | U23: N/A
A24: 22 | B24: TECHOS , CUBIERTAS Y BAJANTES | C24: MENSUAL | D24: OBRA CIVIL
A25: 23 | B25: RACK DE REFRIGERACION | C25: MENSUAL | D25: ELECTRICO | E25: N/A | F25: N/A | G25: N/A | H25: N/A | I25: N/A | J25: N/A | K25: N/A | L25: N/A | M25: N/A | N25: N/A | O25: N/A | P25: N/A | Q25: N/A | R25: N/A | S25: N/A | T25: N/A | U25: N/A
B26: TOTAL PLANILLAS PARA ENTREGAR CADA MES | E26: 11 | F26: 13 | G26: 12 | H26: 13 | I26: 14 | J26: 13 | K26: 13 | L26: 13 | M26: 14 | N26: 12 | O26: 10 | P26: 10 | Q26: 8 | R26: 8 | S26: 8 | T26: 7 | U26: 6
B27: TOTAL PLANILLAS RECIBIDAS | E27: =COUNTIF(E3:E25,"OK") -> 0 | F27: =COUNTIF(F3:F25,"OK") -> 0 | G27: =COUNTIF(G3:G25,"OK") -> 0 | H27: =COUNTIF(H3:H25,"OK") -> 0 | I27: =COUNTIF(I3:I25,"OK") -> 0 | J27: =COUNTIF(J3:J25,"OK") -> 0 | K27: =COUNTIF(K3:K25,"OK") -> 0 | L27: =COUNTIF(L3:L25,"OK") -> 0 | ... U27: =COUNTIF(U3:U25,"OK") -> 5
B28: TOTAL PLANILLAS PENDIENTES | E28: =+E26-E27 -> 11 | F28: =+F26-F27 -> 13 | G28: =+G26-G27 -> 12 | H28: =+H26-H27 -> 13 | I28: =+I26-I27 -> 14 | J28: =+J26-J27 -> 13 | K28: =+K26-K27 -> 13 | L28: =+L26-L27 -> 13 | ... U28: =+U26-U27 -> 1
B29: Matriz de Seguimiento | U29: -1

Sheet matriz gestor 2026
B1: PUNTO DE SERVICIO | C1: REGIONAL | D1: DIRECCIÓN | E1: GESTOR | F1: CELULAR
A2: DROGUERÍA | B2: Los Remedios | C2: CALI | D2: Avenida 2C norte # 24N - 172/174/176 | E2: CESAR FRANCO | F2: 3185074387
A3: DROGUERÍA | B3: Fundación Valle del Lili | C3: CALI | D3: Cr 98 # 18-49 | E3: CESAR FRANCO | F3: 3185074387
A4: DROGUERÍA | B4: Fundación Valle del Lili 2 | C4: CALI | D4: Carrera 98 No. 18-49 | E4: CESAR FRANCO | F4: 3185074387
A5: DROGUERÍA | B5: Tequendama II | C5: CALI | D5: Cr 42 # 5E-10 | E5: CESAR FRANCO | F5: 3185074387
A6: DROGUERÍA | B6: Imbanaco Principal | C6: CALI | D6: Cr 38A # 5A-100, local 102 | E6: CESAR FRANCO | F6: 3185074387
A7: DROGUERÍA | B7: Farallones | C7: CALI | D7: Cl 9C # 50-25 Loc 3 Ala A | E7: CESAR FRANCO | F7: 3185074387
A8: DROGUERÍA | B8: Av Sexta | C8: CALI | D8: Avenida 5C - N° 24N - 93 | E8: CESAR FRANCO | F8: 3185074387
A9: DROGUERÍA | B9: El ingenio | C9: CALI | D9: Cl 16 # 85-42 | E9: CESAR FRANCO | F9: 3185074387
A10: DROGUERÍA | B10: Surtifamiliar Alameda | C10: CALI | D10: Cl 9B # 23C-65 | E10: CESAR FRANCO | F10: 3185074387
A11: DROGUERÍA | B11: La Flora | C11: CALI | D11: Cl 52N # 5BN134 | E11: CESAR FRANCO | F11: 3185074387
A12: DROGUERÍA | B12: Charco del burro Santa Teresita | C12: CALI | D12: Av Col 5-281 | E12: CESAR FRANCO | F12: 3185074387
A13: DROGUERÍA | B13: Droguería y minimarket Cañaveralejo | C13: CALI | D13: Cl 5 # 56-20 local 9 | E13: CESAR FRANCO | F13: 3185074387
... A55: DROGUERÍA | B55: C.C Palmetto Plaza | C55: CALI | D55: Carreras 48 y 50, con calles 9 y 9 B, Local 115 | E55: CESAR FRANCO | F55: 3185074387
A56: DROGUERÍA | B56: Ciudadela | C56: CALI | E56: CESAR FRANCO | F56: 3185074387
A57: DROGUERÍA | B57: Avenida Sexta II | C57: CALI | D57: AV 6N 24N-108 | E57: CESAR FRANCO | F57: 3185074387
A58: DROGUERÍA | B58: Clínica Tequendama | C58: CALI | D58: Cl. 5a #42-15 | E58: CESAR FRANCO | F58: 3185074387
A59: DROGUERÍA | B59: Morichal | C59: CALI | D59: CALLE 54 # 42B-21 | E59: CESAR FRANCO | F59: 3185074387
A60: DROGUERÍA | B60: Ssn Fernando | C60: CALI | D60: Carrera 36 # 5-68 | E60: CESAR FRANCO | F60: 3185074387
A61: DROGUERÍA | B61: Santa Rosa | C61: CALI | D61: CALLE 8 # 8-13 | E61: CESAR FRANCO | F61: 3185074387
A62: DROGUERÍA | B62: Torres | C62: CALI | D62: Cr 1 # 56-20 | E62: CESAR FRANCO | F62: 3185074387
A63: DROGUERÍA | B63: Desepaz | C63: CALI | D63: CARRERA 25 # 121-42 | E63: CESAR FRANCO | F63: 3185074387
A64: DROGUERÍA | B64: Terminal | C64: CALI | D64: Cl 30N # 2A-29 L | E64: CESAR FRANCO | F64: 3185074387
A65: DROGUERÍA | B65: El Prado | C65: CALI | D65: CARRERA 23 No. 26 B 46 | E65: CESAR FRANCO | F65: 3185074387
A66: DROGUERÍA | B66: Guadalupe | C66: CALI | D66: Calle 10 # 56-41 | E66: CESAR FRANCO | F66: 3185074387
A67: DROGUERÍA | B67: C.C Jardín Plaza | C67: CALI | D67: Cra 98 # 16-200 Local LN09 | E67: CESAR FRANCO | F67: 3185074387
A68: DROGUERÍA | B68: La Merced | C68: CALI | E68: CESAR FRANCO | F68: 3185074387
A69: SALUD | B69: IPS Alameda | C69: CALI | D69: Cl 5 # 23B-05 | E69: ALBEIRO DURÁN | F69: 317 3318744
A70: SALUD | B70: IPS Salud Integral Amiga segundo piso | C70: CALI | D70: Avenida pasoancho entre carreras 80, 81a y 82 # 80 - 60 (Locales 2-26, 2-27 y 2-28) | E70: ALBEIRO DURÁN | F70: 317 3318744
A71: SALUD | B71: IPS Torres | C71: CALI | D71: Carrera 1 # 56-90 | E71: ALBEIRO DURÁN | F71: 317 3318744
A72: SALUD | B72: Clínica Tequendama | C72: CALI | D72: CALLE 5A # 42 A-15 | E72: JULIETH PAOLA PULICHE
A73: SALUD | B73: IPS Morichal | C73: CALI | D73: Calle 54 # 45-25 | E73: ALBEIRO DURÁN | F73: 317 3318744
A74: SALUD | B74: Laboratorio Especializado | C74: CALI | D74: CALLE 5A # 42A-11 | E74: JULIETH PAOLA PULICHE
A75: SALUD | B75: IPS El Prado | C75: CALI | E75: JOAQUÍN DELGADO | F75: 321 7556027
A76: EDUCACIÓN | B76: Colegio Calipso | C76: CALI | D76: Cl 70 # 28D3-129 | E76: BRAYAN ARDILA | F76: 321 2354912
A77: EDUCACIÓN | B77: Colegio Ciudadela | C77: CALI | D77: Cl 34 # 83B-50 | E77: BRAYAN ARDILA | F77: 321 2354912
A78: EDUCACIÓN | B78: Colegio Delicias | C78: CALI | D78: CARRERA 5 # 36 A - 45 | E78: BRAYAN ARDILA | F78: 321 2354912
A79: EDUCACIÓN | B79: Colegio Miraflores | C79: CALI | D79: CALLE 3 # 23B-18 | E79: BRAYAN ARDILA | F79: 321 2354912
A80: EDUCACIÓN | B80: Colegio Municipal | C80: CALI | D80: CARRERA 11F # 33A 86 | E80: BRAYAN ARDILA | F80: 321 2354912
A81: EDUCACIÓN | B81: Colegio El Prado | C81: CALI | D81: Cr 23 # 26B-46 | E81: JOAQUÍN DELGADO | F81: 321 7556027
A82: EDUCACIÓN | B82: Colegio San Nicolás | C82: CALI | D82: CALLE 22 CRA 7 BIS | E82: BRAYAN ARDILA | F82: 321 2354912
A83: EDUCACIÓN | B83: FTDH San Nicolás | C83: CALI | D83: CALLE 21 No. 7 - 50 | E83: BRAYAN ARDILA | F83: 321 2354912
A84: SUPERMERCADO | B84: Santa Rosa | C84: CALI | D84: CALLE 8 # 8-13 | E84: HERNANDO NARVÁEZ | F84: 316 8785276
A85: SUPERMERCADO | B85: Terminal | C85: CALI | D85: Cl 30N # 2A-29 L | E85: HERNANDO NARVÁEZ | F85: 316 8785276
A86: SUPERMERCADO | B86: Cañasgordas | C86: CALI | D86: Cl 18 # 114B-20 | E86: HERNANDO NARVÁEZ | F86: 316 8785276
A87: SUPERMERCADO | B87: Desepaz | C87: CALI | D87: CARRERA 25 # 121-42 | E87: HERNANDO NARVÁEZ | F87: 316 8785276
... A93: SUPERMERCADO | B93: Cristales Plaza | C93: CALI | D93: Avenida Circunvalación-No. 36D-86 Local A1 | E93: HERNANDO NARVÁEZ | F93: 316 8785276
A94: SUPERMERCADO | B94: La Merced | C94: CALI | E94: HERNANDO NARVÁEZ | F94: 316 8785276
A95: SUPERMERCADO | B95: Ciudadela | C95: CALI | E95: HERNANDO NARVÁEZ | F95: 316 8785276
A96: DROGUERÍA | B96: Alfaguara | C96: JAMUNDÍ | D96: Calle 2 # 22-175 Locales 61 y 62 | E96: CESAR FRANCO | F96: 3185074387
A97: DROGUERÍA | B97: Minimarket Jamundi | C97: JAMUNDÍ | D97: Cr 10 # 16-158 Local 2 | E97: CESAR FRANCO | F97: 3185074387
A98: DROGUERÍA | B98: Pangóla Plaza | C98: JAMUNDÍ | D98: Proyecto comercial Pangola Plaza, Locales 1 y 2 | E98: CESAR FRANCO | F98: 3185074387
